{"cost_function_value": [32.67722807129947, 32.63175391647652, 32.56238337731651, 32.32447952122695, 31.650290993025774, 31.234110881256157, 31.038815604992784, 30.75536378676457, 30.530031271268573, 30.328997428483277, 30.144302798572628, 30.026942864320898, 29.882638848014736, 29.812872803008382, 29.79285892700027, 29.701650773904785, 29.665330461043332, 29.65587082488668, 29.631704085152453, 29.62415298006835, 29.61147432291393, 29.608124930602045, 29.601594483516198, 29.577230443891718, 29.526240764983786, 29.525126867188273, 29.50319233476182, 29.498585262838237, 29.493684884290136, 29.49301035961742, 29.491630392981413, 29.48916697356524, 29.486362829035553, 29.485684756830537, 29.484890848279303, 29.484784437530717, 29.484527954799436, 29.4840609288567, 29.483250528867917, 29.483146993103826, 29.482690152243993, 29.482349539456635, 29.48225982459183, 29.482069623575907, 29.481706620482175, 29.481364804907727, 29.4812695961804, 29.481253284917887, 29.48115280912778, 29.481078115269366, 29.481036049630546, 29.481015402511773, 29.480992549783018, 29.48085781479386, 29.480703275291802, 29.480559100747406, 29.480535595543564, 29.48047040471015, 29.480360945839774, 29.480157648092028, 29.47983878762299, 29.479806441718093, 29.47975303249711, 29.47966920986578, 29.479481812493063, 29.479277627438037, 29.479242891335314, 29.479190176877022, 29.478242985648176, 29.478174101807916, 29.47813980647244, 29.478122376245192, 29.47802068544687, 29.4779756767765, 29.477939369837063, 29.47792938082655, 29.477922289284585, 29.477915295385667, 29.47790549723046, 29.47789465900747, 29.47789334112501, 29.47787337455958, 29.477860089109807, 29.477851357410522, 29.477841322695415, 29.47783832792578, 29.477831991693876, 29.47783004032549, 29.47781910385569, 29.477818411293534, 29.477817895585744, 29.477816074533155, 29.477814932543353, 29.477811727487854, 29.477808878308227, 29.477807115801532, 29.47780674783761, 29.477806131809608, 29.477804062487454, 29.477803239393932, 29.47780299027539, 29.47780236559226, 29.477802128289625, 29.477802024674226, 29.477801315105577, 29.477800076946426, 29.477797424506075, 29.477796928313584, 29.477793380091686, 29.477789908104437, 29.4777881676536, 29.477787603890143, 29.47778752817012], "gradient_norm": [1.0, 1.5290497068792328, 0.9834793508400778, 0.9168173469851293, 1.3578515114520044, 5.373183798507406, 0.5340931093676033, 0.5894488992145464, 3.594959324639491, 1.0468814681990226, 0.42135153532672254, 3.502249865584032, 0.18373443374959625, 0.3452191452525951, 3.2178315896061336, 0.329137548168963, 0.19797988354053378, 1.6340744863672205, 0.14014448385187703, 0.19815611447022427, 0.23687843134147551, 0.25619776574738773, 0.11784499771250223, 0.32799965091510935, 0.40051087529219526, 0.41620424614344803, 0.3477536530741346, 0.6274233820442789, 0.07480387881430683, 0.0565805745220474, 0.04757104436337121, 0.29207352887384336, 0.15961396245031198, 0.11071431575558244, 0.03721427090664614, 0.021267918828121724, 0.05154794357070704, 0.0991877224475162, 0.06220769241930503, 0.18610555557822211, 0.07833279130607884, 0.02140871052047582, 0.026502462583731252, 0.017908360353166168, 0.1637182077297579, 0.0947257141033593, 0.02492867538757451, 0.019112588301981308, 0.01512146052569385, 0.056228335142964304, 0.030137378397267607, 0.015923516083393062, 0.013313395542136964, 0.05189982909966988, 0.0648719423720596, 0.024222669757058984, 0.012026752509985063, 0.03642788390944869, 0.07672326009684324, 0.1065659660890765, 0.03444322968110971, 0.01611135832331285, 0.02247083673665003, 0.05289698088469102, 0.08144172688736272, 0.021101138114688594, 0.02098323765397065, 0.09262348829743487, 0.018024477609006606, 0.010616713500823128, 0.008341877602999209, 0.051915648735938714, 0.015590145611381372, 0.006522518524056764, 0.01818726475118769, 0.012846317406192157, 0.004519754093201621, 0.013139175493073169, 0.018841743688743886, 0.0036977078910262096, 0.0036244663291139993, 0.01631576821999158, 0.004896448299855369, 0.014898593508402933, 0.004471212752707238, 0.004174318227746529, 0.004467251316957635, 0.026019936449499126, 0.007469785770229508, 0.0038187104982750674, 0.002751198513114025, 0.0022882415963186107, 0.010136292574865396, 0.007691421586747836, 0.003872858162572438, 0.0017354840219016788, 0.00706408406992054, 0.004966584493132059, 0.0020030014173261293, 0.0019877988619464446, 0.006242257164677927, 0.002672671810283397, 0.001373609089202133, 0.0016912695757614028, 0.003450715484298213, 0.0057864016165811985, 0.0016501547921737236, 0.018161922612973204, 0.007880018678818134, 0.0016366183834921263, 0.0045149528421828625, 0.0016742903908426468, 0.0004848199507226246], "stepsize": [1.0, 0.125, 1.0, 1.0, 1.0, 0.125, 1.0, 1.0, 0.5, 1.0, 1.0, 1.0, 1.0, 1.0, 1.0, 1.0, 1.0, 1.0, 1.0, 1.0, 1.0, 1.0, 1.0, 1.0, 1.0, 0.03125, 1.0, 0.25, 1.0, 1.0, 1.0, 0.125, 1.0, 1.0, 1.0, 1.0, 1.0, 1.0, 1.0, 0.25, 1.0, 1.0, 1.0, 1.0, 1.0, 1.0, 1.0, 1.0, 1.0, 1.0, 1.0, 1.0, 1.0, 1.0, 1.0, 1.0, 1.0, 1.0, 1.0, 1.0, 1.0, 1.0, 1.0, 1.0, 1.0, 1.0, 1.0, 0.0078125, 1.0, 1.0, 1.0, 0.25, 1.0, 1.0, 1.0, 1.0, 1.0, 1.0, 1.0, 1.0, 1.0, 1.0, 1.0, 1.0, 1.0, 1.0, 1.0, 1.0, 1.0, 1.0, 1.0, 1.0, 0.125, 1.0, 1.0, 1.0, 1.0, 1.0, 1.0, 1.0, 0.0078125, 1.0, 1.0, 1.0, 1.0, 1.0, 1.0, 1.0, 1.0, 1.0, 1.0, 1.0, 1.0], "MeshQuality": [0.26717685410457337, 0.26618611100512346, 0.26639495980862526, 0.2665049884233962, 0.2658516384810542, 0.2627454075306995, 0.26543133935469565, 0.2641108353398468, 0.25462654794144945, 0.25609348045448155, 0.25083253682514106, 0.23572636652783474, 0.23959984804687096, 0.2352783576874914, 0.21826208990596208, 0.22595428914079752, 0.22139863166016038, 0.2103879599953965, 0.21480892236194582, 0.21213734056592937, 0.20605579275432084, 0.20246948257269493, 0.20128567250623386, 0.1953898224515016, 0.19009515586203118, 0.18872100655978785, 0.18734334196668545, 0.19349444023390072, 0.193579327543846, 0.19487418920675126, 0.19639252403996987, 0.1978548941632018, 0.19970062097492136, 0.19961648800218346, 0.20056237666967025, 0.20071392735268356, 0.2010305390553252, 0.20131207826974695, 0.2018090697021856, 0.20162591458549872, 0.2015998552699252, 0.2011468879265046, 0.20083555681176313, 0.2005982306024623, 0.19948496312162034, 0.19957178544414644, 0.19974766389716458, 0.1997936826722151, 0.20007276241151295, 0.19992144040944781, 0.2000859701811749, 0.19998399907926767, 0.19995839875045018, 0.19990196836936036, 0.19985627346134194, 0.19966503361019194, 0.19966595138700904, 0.19965897977048563, 0.19964058938590545, 0.1995983020251052, 0.1995183830656292, 0.19949424397587623, 0.19943799132557605, 0.19933748361610693, 0.199076924534502, 0.1986033781774057, 0.19859819913155985, 0.19840973387449645, 0.19753556946629747, 0.1969819017104879, 0.19706925287942245, 0.1972754111467656, 0.1973312738136379, 0.19737979215924106, 0.19742534377801113, 0.19745777099046624, 0.19744750154734736, 0.19742547395150123, 0.19738721945599536, 0.19732980638905961, 0.1973226365698778, 0.19722388537263258, 0.19711813209200413, 0.1970633152376624, 0.1970518380690396, 0.19706500106359714, 0.19705804676104755, 0.19702200464705333, 0.19700947593848672, 0.19701290058208165, 0.19701173838178165, 0.19699768524963224, 0.19697885585026842, 0.19694143662112795, 0.19682970991647308, 0.19685814171611393, 0.19684516595711188, 0.19684514034685796, 0.19681702230506903, 0.19678527759967268, 0.1967697030829615, 0.19674908383306644, 0.19673779383749024, 0.1967349051657119, 0.19671903182397066, 0.19670515167838176, 0.19666681882560588, 0.19666420469291557, 0.19667441730521418, 0.19670440590740568, 0.19672922831907425, 0.19674891738892386, 0.19675453636664997], "initial_gradient_norm": 1.1625031317719485, "state_solves": 147, "adjoint_solves": 113, "iterations": 112}