{"cost_function_value": [32.67722807129947, 32.63175391647652, 32.56238337731651, 32.32447952122695, 31.650290993025774, 31.312632778471045, 31.075785932228143, 30.85297160607813, 30.68656842687824, 30.52012449774274, 30.10819082630259, 29.92407793513668, 29.829595492996702, 29.657171555342533, 29.626246267167083, 29.5787534086658, 29.564869101241648, 29.554434983539686, 29.537909166085417, 29.51013313708864, 29.487605151640935, 29.486993566476237, 29.485870170406493, 29.485802920529338, 29.48548481707583, 29.48483894392994, 29.48352710590245, 29.48153965569281, 29.480847442452898, 29.479075988855424, 29.478794149600883, 29.478726190516845, 29.478627798430356, 29.478462524948906, 29.47830214252882, 29.478253710274238, 29.478119453641906, 29.47811560352627, 29.478095488699886, 29.478047763260488, 29.477982452528224, 29.477977706161493, 29.477929055406154, 29.47792237652348, 29.477902668059393, 29.477899769109428, 29.477894716486873, 29.477892844552002, 29.477888269243316, 29.477882030056186, 29.477867652785424, 29.47786264180013, 29.477859507128365, 29.47785627231193, 29.477852550835824, 29.477840911988608, 29.477826326788918, 29.47781057274311, 29.47779933008682, 29.477796642014773, 29.477796093556055, 29.47779522895846, 29.47779079676759, 29.47778818018562, 29.47778772572014, 29.477787379179283, 29.477787174713022, 29.47778692819741, 29.477786738221333, 29.477785839234883, 29.47778314988914, 29.47778272647751, 29.477782430498124, 29.477782411486324, 29.477782382235848], "gradient_norm": [1.0, 1.5290497068792328, 0.9834793508400778, 0.9168173469851293, 1.3578515114520044, 5.753020317539917, 0.5694233047285036, 0.7624578610294408, 2.291060836707474, 2.1788306554285137, 0.7925703416562841, 1.3592477240620497, 1.7716950225394177, 0.35227889015990443, 1.7502009905040252, 0.1040253768404703, 0.12539987624341314, 0.21557326547021108, 0.14902829323112873, 0.5449993179582047, 0.22452205578902848, 0.18210895403567448, 0.02744067072659255, 0.02815558808865009, 0.05673790201057274, 0.1080754367624023, 0.16250487700197042, 0.02691342110080719, 0.2875771897420271, 0.0908514982300371, 0.027218091010712684, 0.025485589302254325, 0.019761729951287003, 0.06063629437656042, 0.0685055216347646, 0.05881889028948702, 0.006593371678634161, 0.006563644180560006, 0.01149805876674953, 0.021842259440801287, 0.024936798498319365, 0.005138045201014486, 0.00684855487510925, 0.02048362163433784, 0.004204316375623246, 0.0029575021518973717, 0.006439484459181868, 0.007726206615631482, 0.00300234957804763, 0.0028777203066495775, 0.01412664282772457, 0.003598109302126207, 0.003010803411659616, 0.003632231262498418, 0.015907431039709204, 0.00627160686409914, 0.0021497916530347294, 0.022991490413616984, 0.007793505823323545, 0.0016018979481304992, 0.0015406549014429717, 0.002655689682550325, 0.006734866043364917, 0.00109802721750657, 0.004770415748158562, 0.0015595490249226856, 0.0008405399393538798, 0.0018848010125563487, 0.0017134459371052429, 0.0005221749683199968, 0.0027825666257892422, 0.0033751539813498058, 0.0010852295763937325, 0.0006989372894437189, 0.00034495490622665054], "stepsize": [1.0, 0.125, 1.0, 1.0, 1.0, 0.125, 1.0, 1.0, 0.5, 1.0, 1.0, 0.5, 1.0, 1.0, 1.0, 1.0, 1.0, 1.0, 1.0, 1.0, 1.0, 0.5, 1.0, 1.0, 1.0, 1.0, 1.0, 1.0, 1.0, 1.0, 1.0, 1.0, 0.125, 1.0, 1.0, 0.25, 1.0, 1.0, 1.0, 1.0, 1.0, 0.03125, 1.0, 0.5, 1.0, 1.0, 1.0, 1.0, 1.0, 1.0, 1.0, 1.0, 1.0, 1.0, 0.5, 1.0, 1.0, 1.0, 1.0, 1.0, 1.0, 1.0, 1.0, 1.0, 1.0, 1.0, 1.0, 1.0, 1.0, 1.0, 1.0, 1.0, 1.0, 1.0, 1.0], "MeshQuality": [0.26717685410457337, 0.26618611100512346, 0.26639495980862526, 0.2665049884233962, 0.2658516384810542, 0.26233616000024174, 0.26559751230872897, 0.26481426906580274, 0.26282706522119625, 0.2591252605261698, 0.2487485782587988, 0.23986588652189533, 0.23303071163624323, 0.22250843148822708, 0.2113964450197442, 0.21011872202783588, 0.20484191299054555, 0.20075982212687615, 0.19642686900331163, 0.1939872608413008, 0.19689582463758193, 0.1973457366545509, 0.19836785533682122, 0.1984935065727449, 0.19877119859791048, 0.1990804281349079, 0.19932551030611112, 0.19821604085994848, 0.18633868167546297, 0.19170567551326956, 0.19530888800932, 0.19298520310693223, 0.1925946229550417, 0.1929942281099296, 0.19340748036113453, 0.1938378392900476, 0.1938351175466807, 0.19382851988733651, 0.19385313882089694, 0.19404283960507618, 0.1944813989371974, 0.19446297518967637, 0.1949629116907997, 0.19495694532261232, 0.19515229029022074, 0.19511708219427526, 0.19501084111310651, 0.19495663969535793, 0.19486118145785303, 0.1947768362504858, 0.1946246067716536, 0.19456324002785652, 0.19459665298493267, 0.19463647006911466, 0.19463687083215508, 0.19467684601395885, 0.19248357324117182, 0.18884911879901045, 0.18684999233311927, 0.18725023877243951, 0.18745962453961973, 0.18713632498833277, 0.185637415891292, 0.18323343960320504, 0.18267649805682173, 0.1830479294052435, 0.1832896321942905, 0.18356588520459938, 0.18373677006703137, 0.183985554781947, 0.18363924237915608, 0.1829912772936112, 0.18277425656311153, 0.18280471302850254, 0.1828306738149691], "initial_gradient_norm": 1.1625031317719485, "state_solves": 95, "adjoint_solves": 75, "iterations": 74}