{"cost_function_value": [32.67722807129947, 32.63175391647652, 32.16830010317432, 31.333882677371054, 30.893755403489358, 30.241571941211628, 29.674614047366816, 29.668543414454415, 29.66296120892788, 29.65822887530145, 29.65229264388578, 29.64708997587917, 29.64066465367669, 29.63491862409275, 29.628166948762505, 29.62672477214038, 29.609439306430954, 29.51587739474762, 29.515289597043537, 29.49535753411414, 29.49448648141874, 29.494317845792818, 29.48597995456004, 29.485895481818233, 29.485855157434507, 29.485697963618918, 29.484253992849073, 29.480846356205838, 29.480595371001634, 29.480571566497023, 29.480521006425725, 29.479176734421134, 29.47846890258552, 29.47843789472729, 29.47842123405886, 29.478416897133968, 29.478409353908237, 29.478371053285905, 29.478179729564385, 29.4781765242638, 29.47817360622674, 29.478159636101182, 29.47812624357076, 29.47803798872851, 29.47802487956994, 29.478023314248485, 29.478023257670745, 29.47802147988129, 29.47801822868613, 29.477955173398616, 29.477924329925138, 29.47792387073408, 29.47792304443599, 29.477921218880937, 29.477891287266026, 29.47781602359157, 29.477814467668576, 29.477812435258063, 29.47781240300811, 29.47781124267267, 29.477809850858357, 29.477805210135468, 29.47780342303052, 29.477801435963613, 29.477801407054113, 29.477801286808027, 29.47780119682896, 29.477797850536216, 29.477793830642955, 29.477793770861258, 29.47779358575184, 29.477793023762676, 29.47778914017961, 29.477788455417787, 29.47778808987528, 29.47778808865358, 29.477788001494144, 29.477787556908257, 29.47778677042158, 29.47778642378609, 29.477786211593973, 29.47778619661384, 29.47778615746836, 29.477785994529796, 29.477785904676587, 29.477785787594684, 29.477785780874523, 29.47778575524363, 29.477785658389156, 29.477784643913502, 29.47778391295511, 29.477783880001343, 29.47778387417], "gradient_norm": [1.0, 1.5290497068792328, 0.6789032365188106, 2.3929382875524157, 4.428693821635481, 4.1391740300524615, 1.376062163895288, 1.1743353433787496, 0.9973159628881761, 0.8819886414538013, 0.7384945509870886, 0.6617591995948778, 0.5423631030011675, 0.48543194804448675, 0.38251153910848806, 0.9926169011224412, 2.4063002247774823, 0.07907549355988101, 0.07809520549467236, 0.4824377827845811, 0.07773686432005253, 0.07723935955266832, 0.1466314444032336, 0.03976083415389946, 0.04625544757201183, 0.14945385336442082, 0.27827081079055277, 0.18864168578653007, 0.02927205726187512, 0.026472441701722034, 0.1267739432637322, 0.17247373053569903, 0.1263503083114801, 0.06769269925278949, 0.02489663226499363, 0.013290958502436293, 0.011404346526293433, 0.01897284469740276, 0.026137556411535662, 0.011975288302777465, 0.01738146210476408, 0.05440652479017262, 0.16100488526774684, 0.0751509435679724, 0.026661209702422563, 0.010334385072351347, 0.009639833056989228, 0.01287904093531769, 0.05562133408525158, 0.07936712740136362, 0.021460582098799478, 0.006285379295425059, 0.005564398934528591, 0.024575743639610997, 0.02527134385718662, 0.018563873109837703, 0.01431302379834261, 0.002387460575090942, 0.004336153890665642, 0.0033696108243094366, 0.008774861969771211, 0.028559581991496146, 0.020211905242109758, 0.005864177923948708, 0.002751869518725522, 0.0018287038857625754, 0.006409531748384188, 0.009428189091782963, 0.002499724840768602, 0.0021701716807002594, 0.0014442016186906553, 0.0011422595858934807, 0.00955414613407458, 0.013180814336046358, 0.0038802303959460695, 0.002442253725630189, 0.002291331936863892, 0.002665969249944297, 0.005397903350321428, 0.005820695865952131, 0.0015338116127551467, 0.0010153136660452258, 0.0007852516723084866, 0.0008925925967899571, 0.006483510299193307, 0.0016057532351771181, 0.0010604246372995082, 0.0013624133210287815, 0.005445287325748143, 0.008110433834420214, 0.0026653386180344875, 0.000591824443457957, 0.0004580507246756156], "stepsize": [1.0, 0.125, 0.25, 0.5, 0.0625, 0.125, 0.125, 0.03125, 0.0625, 0.0625, 0.0625, 0.0625, 0.0625, 0.0625, 0.0625, 0.125, 0.25, 0.03125, 0.0625, 0.125, 0.015625, 0.03125, 0.03125, 0.015625, 0.03125, 0.03125, 0.0625, 0.03125, 0.015625, 0.03125, 0.0625, 0.125, 0.03125, 0.03125, 0.03125, 0.03125, 0.0625, 0.125, 0.25, 0.015625, 0.03125, 0.0625, 0.125, 0.015625, 0.0078125, 0.0078125, 0.015625, 0.03125, 0.03125, 0.0625, 0.015625, 0.015625, 0.03125, 0.03125, 0.0625, 0.03125, 0.03125, 0.03125, 0.0625, 0.125, 0.125, 0.25, 0.0625, 0.015625, 0.015625, 0.03125, 0.0625, 0.125, 0.03125, 0.03125, 0.0625, 0.125, 0.25, 0.0625, 0.03125, 0.03125, 0.0625, 0.125, 0.125, 0.0625, 0.03125, 0.03125, 0.0625, 0.125, 0.25, 0.015625, 0.015625, 0.03125, 0.03125, 0.0625, 0.015625, 0.015625, 0.03125], "MeshQuality": [0.26717685410457337, 0.26618611100512346, 0.2659162853782714, 0.2654035119433662, 0.2600980642525198, 0.24201340264064308, 0.20881068968957517, 0.2073931223682357, 0.20628747473016273, 0.2053905951118261, 0.20462031600958885, 0.2039704363568524, 0.20337820806130658, 0.20286736094201696, 0.20238183232344942, 0.20153918834795992, 0.19484570103703125, 0.18930331484852148, 0.18936312509552866, 0.19729022749733605, 0.1976228639903339, 0.19759319643434659, 0.19121832241333492, 0.19117743100458107, 0.19119087918038613, 0.19130060869221122, 0.19198800658304194, 0.1946188322966963, 0.19488556756563946, 0.19488243573197916, 0.19483194365822343, 0.19432226995293533, 0.19360080668127577, 0.19346952260913786, 0.19344286791044063, 0.19344361117527475, 0.19345265762017383, 0.1935059595579246, 0.19493819959340775, 0.19494661608954522, 0.19494387974218597, 0.19491004012102708, 0.19443644262418902, 0.19410567778046994, 0.19405852930620549, 0.19405350239509256, 0.1940544275734728, 0.1940605426883818, 0.19414874310042984, 0.19462937680615322, 0.1950053790887838, 0.19502552261430206, 0.19502502781360032, 0.19501723104046165, 0.19498143744012386, 0.19480051154979794, 0.1947852020064611, 0.19477997427429183, 0.19477980548535545, 0.19477996118554808, 0.19478062880546565, 0.19478795815371241, 0.19479912281149703, 0.19479995132490002, 0.19479958418560173, 0.19479840230442247, 0.19479274832808535, 0.19474146979135976, 0.19463175828307044, 0.19462903665960118, 0.1946265197985253, 0.194621941171095, 0.19457382866173767, 0.19450104028750326, 0.19447238394613853, 0.19447076655771423, 0.19447128791668566, 0.19447621432145623, 0.19449194816018023, 0.1945133092727238, 0.1945215850232782, 0.19452239870317778, 0.19452334178752595, 0.1945267448213408, 0.1945826629760684, 0.1945916353674253, 0.19459206089306813, 0.1945918399048081, 0.1945887900167459, 0.19457144704827067, 0.1945555102690536, 0.19455411857828464, 0.19455389417184332], "initial_gradient_norm": 1.1625031317719485, "state_solves": 185, "adjoint_solves": 93, "iterations": 92}