{"cost_function_value": [2.9999999999999996, 0.7708139425782948, 0.6273806649195146, 0.2516295291863041, 0.20104293841239032, 0.14878164398398658, 0.1436170176982651, 0.1392909820280606, 0.1356490751761217, 0.13264809993890284, 0.1303145072237484, 0.12872575399258065, 0.1280049514720905, 0.10830190115443256, 0.10449415049598332, 0.09788262221365583, 0.09468448761535525, 0.09166813102494971, 0.08884325414470294, 0.08622479168403992, 0.08383444761072793, 0.08170280339451966, 0.07987217088185378, 0.07840044194448827, 0.0773662846635522, 0.0768761351165658, 0.06746666046842631, 0.0652154196597234, 0.061418889955591485, 0.05957858154310455, 0.05787231380334217, 0.0563182822725596, 0.05494241581322204, 0.05378118860723127, 0.05288550321856667, 0.05232605675314315, 0.05220076873163978, 0.045834053984974636, 0.04436022943541912, 0.04200803835435854, 0.040866832825168335, 0.03984403489737237, 0.0389655498966599, 0.03826825014506373, 0.03780435800443418, 0.037647625699116435, 0.033604271546846705, 0.032550297508529544, 0.03088939076358541, 0.03009182781372146, 0.02939119927076445], "gradient_norm": [1.0, 0.29824994817202544, 0.33816285459535284, 0.09870326339555677, 0.11385104283117269, 0.10994165936888821, 0.11569660234829605, 0.1234146463438458, 0.13294024937192228, 0.14427819512297227, 0.15753283841887947, 0.1728766732097055, 0.19053575359156433, 0.04335036506376305, 0.04281747676290284, 0.05442004130961907, 0.05710223028578631, 0.06052991235874098, 0.06481804548041513, 0.07009316165081991, 0.07649533599418372, 0.08418142182430706, 0.09332937238303901, 0.10414362803894776, 0.11686121476559996, 0.1317587457815766, 0.03360322717798186, 0.03339391387497835, 0.04554426329097572, 0.04900268010485655, 0.053386516553846276, 0.05884507303095337, 0.06554503716447163, 0.07367579493933366, 0.08345619893010238, 0.09514257775219885, 0.1090376447837979, 0.02756870821339783, 0.02758446538592399, 0.04111357113874199, 0.045330714889827366, 0.05063758656768395, 0.05721428988972317, 0.06526789531376641, 0.07504096430222286, 0.08682142640613484, 0.02336379667644296, 0.023439812385500212, 0.03566585631895065, 0.03975658415248627, 0.03975658415248627], "stepsize": [1.0, 0.00390625, 0.0078125, 0.00390625, 0.0078125, 0.00390625, 0.0009765625, 0.0009765625, 0.0009765625, 0.0009765625, 0.0009765625, 0.0009765625, 0.0009765625, 0.00048828125, 0.0009765625, 0.001953125, 0.0009765625, 0.0009765625, 0.0009765625, 0.0009765625, 0.0009765625, 0.0009765625, 0.0009765625, 0.0009765625, 0.0009765625, 0.0009765625, 0.00048828125, 0.0009765625, 0.001953125, 0.0009765625, 0.0009765625, 0.0009765625, 0.0009765625, 0.0009765625, 0.0009765625, 0.0009765625, 0.0009765625, 0.00048828125, 0.0009765625, 0.001953125, 0.0009765625, 0.0009765625, 0.0009765625, 0.0009765625, 0.0009765625, 0.0009765625, 0.00048828125, 0.0009765625, 0.001953125, 0.0009765625, 0.0009765625], "MeshQuality": [0.27681854922194504, 0.2382859230561375, 0.2724437187164941, 0.22476462817513054, 0.2134358021655859, 0.1960733056492221, 0.19435648986450804, 0.1926061358751654, 0.19082308839823203, 0.1890565492531957, 0.1872938291582601, 0.1855681362261964, 0.18386152776541786, 0.18390729818728158, 0.18234487591850457, 0.1792268562077649, 0.1777751141130418, 0.17637093361629197, 0.1749995825904782, 0.17367160068292098, 0.17237407178943498, 0.17111514818196172, 0.16988371227921994, 0.16868579957600438, 0.1675119615233417, 0.16636626802418286, 0.16634050867575745, 0.16530158579771193, 0.16320029624447896, 0.1622301164333304, 0.1612823751630479, 0.16035770752845668, 0.15945322352698554, 0.15856814651393747, 0.1577006634604905, 0.1568486138394677, 0.15601109881919084, 0.15601222049020258, 0.15525724663989537, 0.15371024531302335, 0.152995941535921, 0.15229388483600315, 0.15160716722006584, 0.15092980925216448, 0.1502655116325442, 0.149607234614746, 0.14959747961447667, 0.14900300189222615, 0.14778465831968202, 0.14721676716379195, 0.14666224480783818], "initial_gradient_norm": 47.23548131819695, "state_solves": 104, "adjoint_solves": 50, "iterations": 50}