{"cost_function_value": [2.9999999999999996, 0.7708139425782948, 0.6273806649195146, 0.2516295291863041, 0.19242494851272246, 0.18369183809418244, 0.14990620443705333, 0.13886734187385766, 0.12981441124414492, 0.08080270640934642, 0.07793876578606894, 0.07514274070830365, 0.05639958233889271, 0.007925458347432425, 0.005779636178106737, 0.0029442548121619513, 0.0029416855520231155, 0.002777670315825113, 0.0025864052929522475, 0.002350466786593822, 0.002058548886734964, 0.0018144310164262248, 0.001690860027351252, 0.0016039012555075381, 0.001524642899037098, 0.0013059656460855191, 0.0012352961822017913, 0.0012109738182101543, 0.0011321012268932496, 0.0010496236161286027, 0.0009993994206036422, 0.000778914641640319, 0.000726699758488698, 0.0007075961782069405, 0.0006364070925082032, 0.0005734947075960087, 0.000570450042124846, 0.0004996931157485, 0.00048739998886609287, 0.00048582222221120464, 0.0004572015690849438, 0.00044568090289387344, 0.00043237372407353513, 0.00027939083467787604, 0.0002785974231795067, 0.00026755500643520377, 0.000243976297596571, 0.00023770925103980855, 4.7873524843588505e-05, 4.573651485898192e-05, 4.418603353613252e-05], "gradient_norm": [1.0, 0.29824994817202544, 0.33816285459535284, 0.09870326339555677, 0.11823520033335623, 0.24584175278046247, 0.2571022316817348, 0.3064255624313603, 0.3080313004955993, 0.04084941530678805, 0.041386619991131426, 0.0804576915595169, 0.2274738388235704, 0.07462445733169015, 0.040069848045315555, 0.02734162471840502, 0.025538001514524598, 0.021574362553304194, 0.01707183603276742, 0.013331506114375204, 0.00964791337825003, 0.00600497474817339, 0.012211930693471389, 0.017594287889642322, 0.020514660511314477, 0.006312846033564495, 0.005089707408984812, 0.009978772663179654, 0.01737119354806062, 0.017696754652818513, 0.020795505411131864, 0.005649860594250752, 0.004529772936080039, 0.004752829647001467, 0.0027011178711621553, 0.0028771615525128597, 0.012002362690765276, 0.0028086460282473118, 0.0030059808887441465, 0.0074037510644750235, 0.002378094816003992, 0.002386763031812404, 0.004338166820888107, 0.0017869731449614435, 0.0018156406960935221, 0.002325791228818113, 0.007626155627115638, 0.013575759194134857, 0.000549594392492978, 0.0005564488456141708, 0.0005564488456141708], "stepsize": [1.0, 0.00390625, 0.0078125, 0.00390625, 0.0078125, 0.0078125, 0.0009765625, 0.00048828125, 0.0009765625, 0.00048828125, 0.0009765625, 0.001953125, 0.00390625, 0.0009765625, 0.001953125, 0.00390625, 6.103515625e-05, 0.0001220703125, 0.000244140625, 0.00048828125, 0.0009765625, 0.001953125, 0.00390625, 0.001953125, 0.0009765625, 0.00048828125, 0.0009765625, 0.001953125, 0.001953125, 0.0009765625, 0.0009765625, 0.00048828125, 0.0009765625, 0.0009765625, 0.001953125, 0.00390625, 0.00390625, 0.00048828125, 0.0009765625, 0.001953125, 0.00048828125, 0.0009765625, 0.001953125, 0.00390625, 0.0009765625, 0.001953125, 0.00390625, 0.00048828125, 0.0009765625, 0.001953125, 0.001953125], "MeshQuality": [0.27681854922194504, 0.2382859230561375, 0.2724437187164941, 0.22476462817513054, 0.19361975860155523, 0.1844660930240598, 0.18069479342150074, 0.17624011586873622, 0.1720534510959012, 0.17275794937818312, 0.17145516571168218, 0.16881765178625874, 0.14724042603861298, 0.12489887754858164, 0.10964365690385325, 0.10685988218157927, 0.10683847792053802, 0.10687237059992782, 0.10691826792617198, 0.10699124621861156, 0.10709541502919628, 0.10724867332957633, 0.10743553402293882, 0.10802192642729636, 0.10794658256539147, 0.10801002773825141, 0.10802642231629345, 0.10804122367928004, 0.10827752526029932, 0.10856584117956602, 0.10859151978094705, 0.10868081215089087, 0.10874175810121134, 0.10876008730072129, 0.10891776968783018, 0.10903212620580072, 0.10913961115081405, 0.10918841550089375, 0.10921928895812594, 0.10925022321713274, 0.10928365886370739, 0.10931116643791783, 0.10934535013000912, 0.10975207925600772, 0.10975843028391452, 0.10978941020500754, 0.10994721372113414, 0.11019642984581213, 0.11099588371447044, 0.11104070424476631, 0.11111105781642294], "initial_gradient_norm": 47.23548131819695, "state_solves": 102, "adjoint_solves": 50, "iterations": 50}