{"cost_function_value": [2.9999999999999996, 0.7708139425782948, 0.36182134053317977, 0.2535217508181787, 0.19619328409383804, 0.13036815386865241, 0.10005867153690724, 0.08675904561165043, 0.047131519773970024, 0.03284246045836604, 0.024159875429565936, 0.02192998442770066, 0.019508999573050533, 0.01772630545097396, 0.01708413649881958, 0.01649983965904147, 0.015272816090543002, 0.014383767405702583, 0.011713856862422527, 0.010754631805061629, 0.009963092201780259, 0.009575197508224286, 0.00923742615603244, 0.004869452445205859, 0.000810387155283851, 0.0001381851234048441, 7.996716541015073e-05, 6.797211506758242e-05, 4.446462531552234e-05, 4.304702194709342e-05, 4.264657610880627e-05], "gradient_norm": [1.0, 0.29824994817202544, 0.1250107219493889, 0.08030044187327881, 0.07687131465027645, 0.21705483746389698, 0.11295612643505737, 0.10086043202846091, 0.21124589839950608, 0.12441609040172985, 0.044337950058558465, 0.03839006493934183, 0.05822876518127467, 0.034868356565054597, 0.019643397546939424, 0.018953876291969984, 0.025420575712799414, 0.06517128658875335, 0.025775633218129274, 0.020247059593066, 0.018614851932425406, 0.0174491705998812, 0.018015813842507784, 0.06677399208253812, 0.02248299602480951, 0.005309175256838575, 0.003526441846844126, 0.006422178190914838, 0.0011614320666040543, 0.0005070581135492859, 0.00024417419102049396], "stepsize": [1.0, 0.00390625, 1.0, 1.0, 1.0, 0.25, 0.5, 1.0, 1.0, 1.0, 1.0, 1.0, 1.0, 1.0, 1.0, 1.0, 1.0, 1.0, 1.0, 1.0, 1.0, 1.0, 1.0, 0.25, 1.0, 1.0, 1.0, 0.5, 1.0, 1.0, 1.0], "MeshQuality": [0.27681854922194504, 0.2382859230561375, 0.2535902630353717, 0.24115714817649025, 0.21863466594877468, 0.168006050238504, 0.1583188375821325, 0.15709995118243658, 0.1405798000391043, 0.1396579421484021, 0.1399001476242635, 0.1396135554178145, 0.13766043261639405, 0.13748138593586312, 0.137393426676494, 0.13717217918278624, 0.13652548557226474, 0.13337217645471566, 0.13341548582555374, 0.1331829396335481, 0.13254117652387376, 0.13215059183765543, 0.13186717819653904, 0.1252501053488252, 0.12115831756716777, 0.11850938841632552, 0.11809795389851918, 0.11780845933232142, 0.11776621428221257, 0.11775152290985047, 0.11774278094358692], "initial_gradient_norm": 47.23548131819695, "state_solves": 39, "adjoint_solves": 31, "iterations": 30}