{"cost_function_value": [2.9999999999999996, 0.7708139425782948, 0.6908334714654721, 0.11466272053900745, 0.038313015107211496, 0.02972835559679559, 0.020582958955627655, 0.013539562249280603, 0.007399009343110854, 0.006318485501569293, 0.004762097525484179, 0.004752202424874137, 0.00447627853385892, 0.004316375276003452, 0.0035261652226645066, 0.003090553660528394, 0.00035976882754690714, 0.00018762732644014276, 0.0001397747542757878, 8.608781734139714e-05, 6.938980614171107e-05, 6.499476875581945e-05, 5.942074963743906e-05, 5.772276884666175e-05, 5.452635335064628e-05, 5.441891005786321e-05, 5.300905886299021e-05, 5.198893929597513e-05, 5.0194674938603285e-05], "gradient_norm": [1.0, 0.29824994817202544, 0.3077773532382973, 0.14485660556353602, 0.03889457819310439, 0.04150329447178671, 0.10600235830485828, 0.04682684158901313, 0.03959426832000579, 0.03793964246653019, 0.012851499239558438, 0.012075728815662833, 0.009644051052116366, 0.012360928738392856, 0.016009479512270816, 0.024642257480855728, 0.010978816675709826, 0.01593447438329015, 0.0053856584264566475, 0.006654960728247203, 0.002820546899442638, 0.0030215917950560237, 0.001551488732984182, 0.0016366219569073066, 0.0007348277774811453, 0.0016131202522822762, 0.0010464851868691259, 0.0010592510549377744, 0.0004047264515349633], "stepsize": [1.0, 0.00390625, 0.0078125, 0.001953125, 0.00390625, 0.0078125, 0.00390625, 0.0009765625, 0.001953125, 0.0009765625, 0.001953125, 0.00048828125, 0.0009765625, 0.001953125, 0.00390625, 0.001953125, 0.00390625, 0.001953125, 0.0009765625, 0.001953125, 0.0009765625, 0.0009765625, 0.001953125, 0.0009765625, 0.001953125, 0.001953125, 0.001953125, 0.0009765625, 0.001953125], "MeshQuality": [0.27681854922194504, 0.2382859230561375, 0.20982822441641968, 0.1428353152734415, 0.14701974688292851, 0.14336305858471265, 0.13659621929262078, 0.13100644877506185, 0.12866152329610958, 0.1291414046574212, 0.1302709664743288, 0.1302746583726132, 0.1301123658680372, 0.1299129608070958, 0.12846607821840206, 0.12740532160242835, 0.12257129986492565, 0.1223667932008018, 0.12228972680074823, 0.12221477267375414, 0.12218801350746189, 0.12219786671873811, 0.1222625286317861, 0.12226505889357708, 0.12226362893207976, 0.1222714495055337, 0.12232949383975178, 0.1223348967855219, 0.12233404876669596], "initial_gradient_norm": 47.23548131819695, "state_solves": 56, "adjoint_solves": 29, "iterations": 28}