{"cost_function_value": [2.9999999999999996, 0.7708139425782948, 0.36182134053317977, 0.25301888189196686, 0.20167787010076127, 0.16742743489137435, 0.014917131034959117, 0.007316216342849135, 0.0011613029780374973, 0.00010582935778833275, 6.527320098809745e-05, 4.367225317912921e-05], "gradient_norm": [1.0, 0.29824994817202544, 0.1250107219493889, 0.08027234571995166, 0.07787288303918609, 0.43985893067418136, 0.05021551651643206, 0.03774905932298711, 0.01163718909673456, 0.008053045038631424, 0.004496046133673836, 0.00031168586030519196], "stepsize": [1.0, 0.00390625, 1.0, 1.0, 1.0, 0.5, 1.0, 1.0, 1.0, 1.0, 0.125, 1.0], "MeshQuality": [0.27681854922194504, 0.2382859230561375, 0.2535902630353717, 0.24097498304010845, 0.22070063981075094, 0.1635993064098552, 0.12917197343661435, 0.12294919374701974, 0.11578174552823839, 0.11176943128171912, 0.11142213760825637, 0.1108804661576479], "initial_gradient_norm": 47.23548131819695, "state_solves": 18, "adjoint_solves": 12, "iterations": 11}