{"cost_function_value": [2.9999999999999996, 0.7708139425782948, 0.33643159556524743, 0.3158408033880942, 0.019435697029915655, 0.01899541652556327, 0.0161097155016298, 0.013971479005559716, 0.010064197666732642, 0.007758220143703159, 0.003981018287648971, 0.0006329898553129246, 0.0005261975435046119, 0.0003839102052251206, 0.00037685188466516517, 0.0003166884944901704, 0.00029461465115947027, 0.00019214377566379462, 9.029625810842316e-05, 7.617785669574342e-05, 7.377283934685523e-05, 7.176729567608693e-05, 7.164972345847465e-05, 6.597133412539491e-05, 6.419403077665885e-05, 6.26242876725535e-05, 5.53936170770272e-05, 5.438748098749437e-05, 4.828934269362882e-05, 4.7266348480236195e-05, 4.603711196160669e-05, 4.5276632265160405e-05, 4.4475364191857183e-05], "gradient_norm": [1.0, 0.29824994817202544, 0.1605279940991404, 0.2314807661566804, 0.049554837716190195, 0.05827333945974539, 0.04734839139160521, 0.05934120489376935, 0.05589382984984257, 0.07406819050742396, 0.07237442289956036, 0.017620883999342085, 0.014906131660909087, 0.003633251250907977, 0.007177047526328197, 0.010904175303616126, 0.014595018249296257, 0.013423517766917524, 0.003996016702778575, 0.0024298788516984825, 0.0026848100825466892, 0.0011473470621620196, 0.002056823292731772, 0.0018034430390861027, 0.000942380201682828, 0.0008836988736994219, 0.0011357796513560856, 0.002171245336914283, 0.0006890934790067041, 0.001982046551570654, 0.0011021089590145306, 0.0013413510572853776, 0.00022960479559739003], "stepsize": [1.0, 0.00390625, 0.0078125, 0.015625, 0.0078125, 0.0009765625, 0.001953125, 0.001953125, 0.001953125, 0.001953125, 0.001953125, 0.0009765625, 0.0009765625, 0.0009765625, 0.001953125, 0.00390625, 0.001953125, 0.001953125, 0.0009765625, 0.0009765625, 0.001953125, 0.00048828125, 0.0009765625, 0.001953125, 0.00048828125, 0.0009765625, 0.0009765625, 0.001953125, 0.001953125, 0.00390625, 0.001953125, 0.001953125, 0.0009765625], "MeshQuality": [0.27681854922194504, 0.2382859230561375, 0.2559904238869226, 0.16885337146931578, 0.13887360003458293, 0.1382383872893448, 0.13673126007631586, 0.13471609039021137, 0.13162481122868142, 0.12838694611020274, 0.12397606663969907, 0.12202464054782303, 0.12180783803237027, 0.12171011602841209, 0.12160550089312772, 0.12110633646088254, 0.12043096371801065, 0.11955454078750416, 0.11916242948983713, 0.11915160244822676, 0.11915124010728928, 0.11916153542160934, 0.11917270675222136, 0.11919417383231246, 0.11920241021030376, 0.11921835670448533, 0.11940641477203107, 0.11943961754085808, 0.11954153183638061, 0.11959425714290794, 0.11974907246712241, 0.11977845263964215, 0.11979784596631426], "initial_gradient_norm": 47.23548131819695, "state_solves": 67, "adjoint_solves": 33, "iterations": 32}