{"cost_function_value": [2.9999999999999996, 0.7708139425782948, 0.648717289614805, 0.30848016407788403, 0.26506305301930677, 0.16709452419900636, 0.16211321443055945, 0.10055165279897633, 0.08695631444794677, 0.0646229567221829, 0.06401506204679795, 0.06320220873268413, 0.019781445281074398, 0.013548786071982215, 0.004202222160939581, 0.002737756206701486, 0.0024523976372610753, 7.326943483187532e-05, 7.177074534510138e-05, 6.476745343233368e-05, 6.348624863144728e-05, 6.216145588242636e-05, 5.618220699744046e-05, 5.4535622353269985e-05, 5.102924308355009e-05, 5.0831038744362965e-05, 5.061800034448623e-05], "gradient_norm": [1.0, 0.29824994817202544, 0.3255356117030684, 0.09338227183080915, 0.08903534998475901, 0.06045554183671362, 0.30327077825967713, 0.2748790446839891, 0.3321875018529122, 0.25894474370355863, 0.29079500699870053, 0.29791567678088643, 0.08085232626400043, 0.06549278893961605, 0.083701855822708, 0.06739446704018791, 0.07056681269477577, 0.0034243899166046354, 0.00490771040367481, 0.003396618516577845, 0.003675816027030086, 0.0035936483808719664, 0.001290144440494551, 0.0010588863494738843, 0.0006474554361451291, 0.0007061323258878794, 0.0004637320240568162], "stepsize": [1.0, 0.00390625, 0.00390625, 0.001953125, 0.00390625, 0.0078125, 0.0078125, 0.0009765625, 0.0009765625, 0.00048828125, 0.00048828125, 0.00048828125, 0.000244140625, 0.00048828125, 0.00048828125, 0.0009765625, 0.00048828125, 0.000244140625, 0.00048828125, 0.00048828125, 0.00048828125, 0.00048828125, 0.000244140625, 0.00048828125, 0.0009765625, 0.0009765625, 0.00048828125], "MeshQuality": [0.27681854922194504, 0.2382859230561375, 0.2766674444414431, 0.24921816432378407, 0.2444128857686767, 0.20557448972301706, 0.11270791721756623, 0.07311615801838489, 0.07943220770708714, 0.07700033186779442, 0.07800399462385477, 0.07746745450637949, 0.07756130946481887, 0.07750133672099191, 0.07728474603192337, 0.07713279288527164, 0.07721728705000286, 0.07719308407047931, 0.07719897226956529, 0.07720008158337754, 0.07720358130795257, 0.07720491025069698, 0.07720641128939998, 0.07720961364182366, 0.07722500018117029, 0.07723180285010911, 0.07723228853544395], "initial_gradient_norm": 47.23548131819695, "state_solves": 53, "adjoint_solves": 27, "iterations": 26}