{"cost_function_value": [2.9999999999999996, 0.7708139425782948, 0.29268213565785745, 0.24191038488953828, 0.03604750547468141, 0.016123856362660467, 0.008417475923864201, 0.007177861902329332, 0.005772486395184717, 0.0038819473367628075, 0.003733556830394151, 0.00348059162995329, 0.0012233277087233879, 0.0010693771228721188, 0.0010370930495857491, 0.0008548411033816459, 0.0006964998907543945, 0.0006707251156198632, 0.0004377990623737741, 0.0004354911924832109, 0.0004254238025368245, 0.0002034071420314351, 0.000173678417276449, 0.00017237191158126609, 0.00017035102786688595, 0.00015582907516106632, 0.00013250254742931612, 0.00010947958684027622, 7.848408854463064e-05, 7.588866389417843e-05, 7.265849062202496e-05, 7.132413015309495e-05, 7.11594121384175e-05, 7.024172347575272e-05, 6.530174003222601e-05, 5.505907639697371e-05, 5.475278802154238e-05, 5.4675649217242344e-05], "gradient_norm": [1.0, 0.29824994817202544, 0.11748438849238166, 0.18677743378684294, 0.10169950833402408, 0.1471109277408122, 0.08893483872008266, 0.0491756762824159, 0.04271622133632308, 0.04417774566345751, 0.026747433129541254, 0.02883848133617249, 0.00579844878007675, 0.006719323186226482, 0.007211111625496708, 0.00808994941004246, 0.018509093337101643, 0.02382493980301172, 0.01719748214678385, 0.012706418482155934, 0.014956961271322443, 0.0051199089710557534, 0.002990617187338479, 0.0012672427043891343, 0.0015947256801670479, 0.0012042503009716125, 0.0019263177958473926, 0.00800111097495542, 0.0015174264933066537, 0.00108624465176723, 0.0009251649911481571, 0.0016596534259753892, 0.0031794170049896527, 0.002764891465780548, 0.003963950600525017, 0.0026395138913611043, 0.000673711522003919, 0.0004529922471200287], "stepsize": [1.0, 0.00390625, 0.0078125, 0.015625, 0.0078125, 0.001953125, 0.00048828125, 0.00048828125, 0.0009765625, 0.0009765625, 0.001953125, 0.0009765625, 0.001953125, 0.00390625, 0.0009765625, 0.001953125, 0.001953125, 0.000244140625, 0.00048828125, 0.00048828125, 0.00048828125, 0.0009765625, 0.001953125, 0.00048828125, 0.0009765625, 0.001953125, 0.00390625, 0.00390625, 0.00048828125, 0.0009765625, 0.001953125, 0.001953125, 0.00390625, 0.00048828125, 0.0009765625, 0.0009765625, 0.00048828125, 0.00048828125], "MeshQuality": [0.27681854922194504, 0.2382859230561375, 0.2513898154142781, 0.17468108518804282, 0.12537163397747242, 0.12333786884408915, 0.12268019594712509, 0.12241968526872771, 0.12189133279770992, 0.12120578689737327, 0.11959290323749272, 0.11939849099198696, 0.11921274738218635, 0.11917370821383522, 0.1191193519143886, 0.11885437640126273, 0.11837661455851656, 0.11806078670380094, 0.11709625503363041, 0.11662279959496102, 0.1163758532978727, 0.11581376328419668, 0.11575536424533428, 0.11575309446915694, 0.11575992676733216, 0.1158015593467766, 0.11588025439463501, 0.11613543544915661, 0.11613609525562263, 0.11614901193485272, 0.1161762039038815, 0.11620725379703012, 0.11639923615342285, 0.11647932571673048, 0.11658586058333686, 0.11679758634376258, 0.11683468600348856, 0.11683648818751491], "initial_gradient_norm": 47.23548131819695, "state_solves": 76, "adjoint_solves": 38, "iterations": 37}