{"cost_function_value": [2.9999999999999996, 0.7708139425782948, 0.36182134053317977, 0.25301888189196686, 0.20167787010076127, 0.16743028309372263, 0.01474845173875865, 0.003795814094149721, 0.00019706291057675537, 4.8353808201103944e-05, 4.660666383906763e-05, 4.3707703549105185e-05], "gradient_norm": [1.0, 0.29824994817202544, 0.1250107219493889, 0.08027234571995166, 0.07787288303918609, 0.43985965724948595, 0.049734124721731915, 0.015930498745174465, 0.00774140369009435, 0.0025530231188438807, 0.0024604676510805007, 0.00013777352048705333], "stepsize": [1.0, 0.00390625, 1.0, 1.0, 1.0, 0.5, 1.0, 1.0, 1.0, 1.0, 1.0, 1.0], "MeshQuality": [0.27681854922194504, 0.2382859230561375, 0.2535902630353717, 0.24097498304010845, 0.22070063981075094, 0.16359963369630748, 0.1291569342917286, 0.12169000780230477, 0.11206833051560183, 0.11029589759882663, 0.1100915633961711, 0.11008484097971716], "initial_gradient_norm": 47.23548131819695, "state_solves": 15, "adjoint_solves": 12, "iterations": 11}