{"cost_function_value": [0.9402629412748311, 0.8872662980139595, 0.8210363069556186, 0.7569879533062055, 0.6983906422515801, 0.650366275732873, 0.6132675941913192, 0.5754427608443112, 0.5264634907519818, 0.5178534216522359, 0.5041851470856881, 0.4912751929103796, 0.4822518060991101, 0.47377582969624915, 0.46398537386434713, 0.4587402895298429, 0.44969967551915524, 0.44590281344402155, 0.44092285907273077, 0.4385360794859181, 0.43814389586009334, 0.4356570158249405, 0.4350755573190935, 0.43489421245294746, 0.4342124625825423, 0.4339962102579577, 0.4338659186950655, 0.43380706759482673, 0.4336103936964188, 0.4335215382838468, 0.4334982279873988, 0.4333407856936008, 0.4332944257633198, 0.4332588455017436, 0.4332361398958321, 0.4332309593336487, 0.43316137467042215, 0.43313755380642904, 0.4331186904886358, 0.43310548179031466, 0.43309987173959286, 0.43307029423439375, 0.43305777414961766, 0.43305467212311605, 0.4330305482839935, 0.43302316074808367, 0.43301731071613964, 0.43301329098690516, 0.4330118159022491, 0.43300148981713216, 0.43299737384217785], "gradient_norm": [1.0, 0.8260093938669627, 0.5803688634098165, 0.39491459603033124, 0.2571354691516174, 0.1581191648447517, 0.10791159397251875, 0.08797482010393125, 0.1050990764561355, 0.17581020290753896, 0.14595012601940316, 0.10466524695230514, 0.08531534943491455, 0.12128336212310528, 0.08348235986810956, 0.11337841667543462, 0.0632198121419649, 0.07836122846304845, 0.03803413853772499, 0.04125529450455425, 0.05648851818650547, 0.019968152236053468, 0.022569416597331835, 0.028217461006018543, 0.009851107007112168, 0.01006890833512853, 0.01175775793800743, 0.014787962022481836, 0.005729372084248046, 0.005829293268933203, 0.013688818401216097, 0.004483957493850464, 0.004828594435502624, 0.005594264890732409, 0.0069461007861130065, 0.00898250928450237, 0.0030870867991799706, 0.0032625124231958646, 0.003707681703447376, 0.004507648791095993, 0.005787922438969529, 0.002164307765887368, 0.0022506658069717765, 0.0053273025686537846, 0.0017563077831839532, 0.0018831773166596158, 0.002168343311119451, 0.002662819746692815, 0.0034353610580494798, 0.0012511601489646072, 0.0012511601489646072], "stepsize": [1.0, 0.005, 0.01, 0.02, 0.04, 0.08, 0.16, 0.32, 0.64, 0.32, 0.16, 0.16, 0.16, 0.32, 0.16, 0.32, 0.16, 0.32, 0.16, 0.32, 0.32, 0.16, 0.32, 0.32, 0.16, 0.32, 0.32, 0.32, 0.16, 0.32, 0.64, 0.16, 0.32, 0.32, 0.32, 0.32, 0.16, 0.32, 0.32, 0.32, 0.32, 0.16, 0.32, 0.64, 0.16, 0.32, 0.32, 0.32, 0.32, 0.16, 0.32], "MeshQuality": [0.2660408205050946, 0.2663376744129252, 0.26669219977783487, 0.2670138303976852, 0.2675259688043855, 0.26109650070993295, 0.25673099742918537, 0.2535617215229763, 0.24921647242567113, 0.2437059295041204, 0.24162437091399414, 0.2381399750769687, 0.23590514204649893, 0.23028896259720155, 0.2285120267671823, 0.22046410638750102, 0.2186280797836303, 0.18071416123648298, 0.17389132041356192, 0.14403196720803124, 0.13226585292414417, 0.12149863428834917, 0.11372564834102095, 0.10468620022555841, 0.10477832892308714, 0.10116316814918169, 0.10048558684015185, 0.0980107925870054, 0.09858237926024027, 0.09757755087777742, 0.0974448757020907, 0.09631254602299, 0.09619895419345503, 0.09527419867117604, 0.09541428987942446, 0.09406462978605523, 0.09438862129904746, 0.09367175415697393, 0.09344246012173074, 0.0925244516512792, 0.09252472547729818, 0.09188933470182081, 0.0914827579105778, 0.090012324749142, 0.09007061520305026, 0.08938567995416036, 0.08898689681540761, 0.08818657222649062, 0.08792170265724919, 0.08741992585979819, 0.08691653742303196], "initial_gradient_norm": 3.4078422079840807, "state_solves": 94, "adjoint_solves": 50, "iterations": 50}