{"cost_function_value": [0.9402629412748311, 0.8872662980139595, 0.8210363069556186, 0.7569879533062055, 0.6983906422515801, 0.650366275732873, 0.6132675941913192, 0.5754427608443112, 0.5264634907519818, 0.5178534216522359, 0.4931233791691036, 0.48547467277301914, 0.47328417496317826, 0.453797926005991, 0.4475927066548193, 0.44326045528888397, 0.4355926887476755, 0.43488377290302455, 0.43427052952297096, 0.4340396718843775, 0.4338916233164931, 0.43344513159818615, 0.43340301422387145, 0.43339884163583625, 0.43327454553138006, 0.43323672574054867, 0.4332073944853792, 0.4331079168938613, 0.4331021163190294, 0.433072614571281, 0.4330599279326289, 0.43305630360368863, 0.43303659345912454, 0.43303016043544784, 0.43302663049909323, 0.43301511665423487, 0.4330079006448226, 0.4329982838108887, 0.43299479292757465, 0.4329796820377364, 0.4329722069429384, 0.4329652622241814, 0.43295876143455014, 0.43295735546928743, 0.43295644429089114], "gradient_norm": [1.0, 0.8260093938669627, 0.5803688634098165, 0.39491459603033124, 0.2571354691516174, 0.1581191648447517, 0.10791159397251875, 0.08797482010393125, 0.1050990764561355, 0.17581020290753896, 0.09471910551586459, 0.14489852378352777, 0.18806190098712222, 0.08710509682025508, 0.05167077199918497, 0.05811570059019809, 0.02690220891137256, 0.026178755965413802, 0.009586634892223984, 0.009324251615348712, 0.010402513623030268, 0.007634809745052446, 0.009329826870931934, 0.012075413486196104, 0.003977660400650687, 0.004239671487630082, 0.004877599303757744, 0.0044995262079391, 0.005774213125213894, 0.0021722616418154345, 0.002258708953997659, 0.005315968302415695, 0.0023394451867590664, 0.002801699280986166, 0.00355309173436209, 0.0014385903067056659, 0.001236514939600508, 0.0014051819411594823, 0.0016048527839696049, 0.0007492163148105124, 0.0006039496288391915, 0.001574878861556411, 0.0012372725614438224, 0.0005074776890105715, 0.00044935776759452917], "stepsize": [1.0, 0.005, 0.01, 0.02, 0.04, 0.08, 0.16, 0.32, 0.64, 0.32, 0.16, 0.32, 0.32, 0.16, 0.16, 0.32, 0.32, 0.32, 0.16, 0.32, 0.32, 0.64, 0.32, 0.32, 0.16, 0.32, 0.32, 0.64, 0.32, 0.16, 0.32, 0.64, 0.16, 0.32, 0.32, 0.16, 0.32, 0.64, 0.32, 0.64, 1.28, 2.56, 0.32, 0.16, 0.32], "MeshQuality": [0.2660408205050946, 0.2663376744129252, 0.26669219977783487, 0.2670138303976852, 0.2675259688043855, 0.26109650070993295, 0.25673099742918537, 0.2535617215229763, 0.24921647242567113, 0.2437059295041204, 0.23967827722552837, 0.23358619921555712, 0.22397755782640993, 0.21665986726525333, 0.20668479281233587, 0.1683191878412671, 0.0899893357439463, 0.08592598946094276, 0.08725366760243547, 0.08654652828576914, 0.08120244937670007, 0.054384085421577355, 0.06282609429554786, 0.06519901139181417, 0.06615257998260404, 0.06660050085901759, 0.06681344838017989, 0.06594814985932906, 0.06528695507968385, 0.06472637922000368, 0.06413638523644316, 0.0627549102225361, 0.06285661479250271, 0.06218998332505821, 0.06181914512616393, 0.061428495047453846, 0.06081273762118389, 0.059729705404937494, 0.05910084469863286, 0.05672296546314748, 0.05435159491065911, 0.04936084610422298, 0.03761189972656276, 0.037374145553768834, 0.036743158835998324], "initial_gradient_norm": 3.4078422079840807, "state_solves": 78, "adjoint_solves": 45, "iterations": 44}