{"cost_function_value": [0.9402629412748311, 0.8872662980139595, 0.8210363069556186, 0.7569879533062055, 0.6983906422515801, 0.650366275732873, 0.6132675941913192, 0.5754427608443112, 0.5264634907519818, 0.5178534216522359, 0.44109885793551146, 0.4385857110997953, 0.4356200155314466, 0.4344192293238305, 0.4338849836748176, 0.4336812962568627, 0.4335602828383091, 0.4333769600987014, 0.4333754013350518, 0.4332186214008605, 0.4331642170511692, 0.4331246345078447, 0.4331021489141023, 0.43308070200310594, 0.4330396628626129, 0.43302315109291917, 0.43301046666658055, 0.43300426328231717, 0.4329623043253385, 0.43296051854915585, 0.4329572462008453, 0.4329561441237555, 0.4329553225115175, 0.4329513333305503, 0.4329507859788384, 0.4329506447026632, 0.43294900248856377], "gradient_norm": [1.0, 0.8260093938669627, 0.5803688634098165, 0.39491459603033124, 0.2571354691516174, 0.1581191648447517, 0.10791159397251875, 0.08797482010393125, 0.1050990764561355, 0.17581020290753896, 0.03418590368727382, 0.06023045938746714, 0.03564565352864172, 0.013733288312102711, 0.008057216738862007, 0.01310735454772883, 0.028447480107731935, 0.015133374770278823, 0.015289937144522472, 0.007137077425744802, 0.0036578845281758973, 0.0031154864444518406, 0.0060141212064633185, 0.006694040627639554, 0.0024217696202555707, 0.0016145036924358576, 0.002434119276607119, 0.007324244900655416, 0.0016645037003406623, 0.0019391622774758337, 0.0006735770921886856, 0.0006899414184811097, 0.0007977670768157214, 0.000858345972755828, 0.0010530641281802037, 0.0013709622070008911, 0.0004998319587520088], "stepsize": [1.0, 0.005, 0.01, 0.02, 0.04, 0.08, 0.16, 0.32, 0.64, 0.32, 0.32, 0.64, 0.16, 0.16, 0.32, 0.64, 0.32, 0.64, 0.04, 0.08, 0.16, 0.32, 0.64, 0.16, 0.16, 0.32, 0.64, 1.28, 0.16, 0.32, 0.16, 0.32, 0.32, 0.64, 0.32, 0.32, 0.16], "MeshQuality": [0.2660408205050946, 0.2663376744129252, 0.26669219977783487, 0.2670138303976852, 0.2675259688043855, 0.26109650070993295, 0.25673099742918537, 0.2535617215229763, 0.24921647242567113, 0.2437059295041204, 0.07246402762102822, 0.04323196574111421, 0.017504247512762583, 0.02518274204576021, 0.027750311022060492, 0.016443021905397148, 0.0015328562856643524, 0.032837562962665934, 0.03153375602383002, 0.03148088433599727, 0.0315009475884418, 0.031603039035972724, 0.030899385994664685, 0.022960033772763455, 0.02857826141908759, 0.02885690747418057, 0.02764796623611565, 0.02098769772691511, 0.02077978766308608, 0.020534880152027313, 0.02031099053994978, 0.019904699364655554, 0.019449682854041805, 0.01730817099373172, 0.0168460000836701, 0.016379718436125512, 0.016180524549378683], "initial_gradient_norm": 3.4078422079840807, "state_solves": 57, "adjoint_solves": 37, "iterations": 36}