{"cost_function_value": [0.9402629412748311, 0.8872662980139595, 0.717904273563735, 0.6630972101306291, 0.6078865654114736, 0.5553725774643264, 0.49586233105473954, 0.45542715106265413, 0.4538701848914685, 0.4380974306597595, 0.4370013077408678, 0.43549694407202927, 0.4344178421706025, 0.43388346847161274, 0.43366474656392745, 0.4336089128032715, 0.4333213512485774, 0.43313984053780424, 0.43308707883910635, 0.43306382305339264, 0.43302379428990123, 0.4329964061201955, 0.43297037643146496, 0.43296038173075424, 0.4329582289107725, 0.4329434476442097, 0.4329432783443774, 0.4329392716174597, 0.43293771352550714, 0.43293363328846407, 0.4329276886394776, 0.43292641617146066], "gradient_norm": [1.0, 0.8260093938669627, 0.2967531561191231, 0.1798197524255678, 0.10319760252950602, 0.08522141163124665, 0.2145970905667773, 0.06932964097751401, 0.11823118807084124, 0.032235765747688064, 0.018323897926181665, 0.01293928197966684, 0.008789650640358797, 0.03010163674767981, 0.015381829408009222, 0.011877578017522997, 0.0054854708106431786, 0.00503133525912673, 0.0034247708688880537, 0.002409969705928576, 0.002139958768100959, 0.0017606776311352645, 0.0015088170291324937, 0.002147631372734527, 0.0016858707567583443, 0.0009888766884601338, 0.00221443322454349, 0.0008364203134026965, 0.0006020802334047557, 0.0005879999849653892, 0.0006404428568536436, 0.0004996047263408426], "stepsize": [1.0, 0.005, 1.0, 1.0, 1.0, 1.0, 1.0, 1.0, 1.0, 1.0, 1.0, 1.0, 0.5, 1.0, 3.814697265625e-06, 0.0078125, 1.0, 1.0, 0.5, 1.0, 1.0, 1.0, 1.0, 1.0, 1.0, 1.0, 0.5, 1.0, 1.0, 1.0, 0.5, 0.125], "MeshQuality": [0.2660408205050946, 0.2663376744129252, 0.265766456964179, 0.2561659810341229, 0.24486803984630034, 0.23161053188162506, 0.19578961729849942, 0.04173199259388205, 0.08427790327211582, 0.004511734255869593, 0.027666776807829585, 0.029752984602378407, 0.03652709476936378, 0.0007699602715079967, 0.005782995995585738, 0.015535782179981639, 0.02060194135197768, 0.023358215267722415, 0.024548359628288052, 0.023305003878743902, 0.018408220179302437, 0.011327832426929807, 0.006836342650242799, 0.00145134067026087, 0.0068920037787182364, 0.004406034600796804, 0.0022272662783867636, 0.0024167206901711813, 0.0035164638917728475, 0.0031812624816967006, 0.0007905042570679477, 0.00027922965342752626], "initial_gradient_norm": 3.4078422079840807, "state_solves": 37, "adjoint_solves": 32, "iterations": 31}