{"cost_function_value": [0.9402629412748311, 0.8872662980139595, 0.717904273563735, 0.6630972101306291, 0.6078865654114736, 0.5553686759480321, 0.4957049846882159, 0.4551087589579732, 0.452284339658437, 0.4407921270453603, 0.43716249090935966, 0.43573356028423466, 0.43459600826150585, 0.4342920545024363, 0.4340934788200482, 0.43368443257996375, 0.4334893411929799, 0.43325623565251487, 0.4331760699073163, 0.4330777626051428, 0.43299770539817717, 0.43298447706203147, 0.4329745831103073, 0.4329602245554042, 0.43295123812118635, 0.4329435034644168, 0.43293874483863376, 0.4329348234652899, 0.43293258479452523, 0.43292686539518055, 0.4329225583317462, 0.4329220362927294, 0.4329205747915812], "gradient_norm": [1.0, 0.8260093938669627, 0.2967531561191231, 0.1798197524255678, 0.10319760252950602, 0.08520701706425121, 0.2148346331676397, 0.06650661437635211, 0.10802765847646227, 0.052158004107780154, 0.022635795495558636, 0.018369971627035568, 0.017061569646175317, 0.012641376855164877, 0.010698359200061592, 0.01789410665638111, 0.013061468827165449, 0.004868115520514957, 0.00497268859108412, 0.003988025168280507, 0.002237053546182988, 0.0021042358664647423, 0.00147745748165584, 0.0008688196113871791, 0.0009869542690608113, 0.0011738373584314161, 0.0011092087649696098, 0.0008458891079445709, 0.000740202316986264, 0.0005530582825478583, 0.0008058719409077012, 0.0007060925707831913, 0.0003954864627497154], "stepsize": [1.0, 0.005, 1.0, 1.0, 1.0, 1.0, 1.0, 1.0, 1.0, 0.5, 0.5, 1.0, 1.0, 0.25, 0.25, 1.0, 0.5, 1.0, 1.0, 1.0, 1.0, 0.5, 1.0, 1.0, 1.0, 1.0, 0.5, 1.0, 0.25, 0.5, 1.0, 0.5, 1.0], "MeshQuality": [0.2660408205050946, 0.2663376744129252, 0.265766456964179, 0.2561659810341229, 0.24486803984630034, 0.23163139415125955, 0.1952954102031419, 0.04283287160644611, 0.07871877934881577, 0.03554998652866437, 0.0076355807353710725, 0.004425211189039935, 0.019765430107941517, 0.016192189488773656, 0.007803324879931739, 0.015584984342605468, 0.006264709822287995, 0.01212895158793581, 0.012987840516961113, 0.012077430939508638, 0.011892515865781661, 0.009986941408173577, 0.009029007892941476, 0.0071604269430376455, 0.005031232691062981, 0.0019921481089134607, 0.0008780755579944621, 0.0002926442685559083, 0.0001581229784795024, 0.00010176424866670253, 0.00011530611811949587, 0.00011943353798615775, 0.00011728331156091176], "initial_gradient_norm": 3.4078422079840807, "state_solves": 35, "adjoint_solves": 33, "iterations": 32}