{"cost_function_value": [0.9402629412748311, 0.8872662980139595, 0.8210363069556186, 0.7569879533062055, 0.6983906422515801, 0.650366275732873, 0.6132675941913192, 0.5754427608443112, 0.5264634907519818, 0.5178534216522359, 0.4528466801087706, 0.44651083680728726, 0.4419147938182698, 0.43797461300961027, 0.43475592136622265, 0.43448943530171186, 0.4341504362606545, 0.4337436568691054, 0.43342654272336, 0.43331558698952416, 0.43316839357886394, 0.43313385723975845, 0.4330854497862464, 0.4330156395992191, 0.4329942587085873, 0.4329798865206561, 0.43297085469229896, 0.432962325357649, 0.43295711889143357, 0.4329547059193559, 0.4329509470099351, 0.43294525505126036, 0.4329435142213102, 0.4329402694655397, 0.4329398874945212, 0.43293740451785223, 0.432935911622872, 0.43293469636919274, 0.4329326204315325, 0.4329317627867292, 0.43293120615933717, 0.4329302427735567, 0.4329248737650244], "gradient_norm": [1.0, 0.8260093938669627, 0.5803688634098165, 0.39491459603033124, 0.2571354691516174, 0.1581191648447517, 0.10791159397251875, 0.08797482010393125, 0.1050990764561355, 0.17581020290753896, 0.05942448098997383, 0.10030243494274296, 0.08005696880012611, 0.06279520873078591, 0.014459642764068071, 0.016396019670381158, 0.03142003857650512, 0.02055833793906728, 0.008995863153645485, 0.013043224758293816, 0.004200888504647373, 0.0039537182460640035, 0.004568611713865087, 0.006169021402763276, 0.0022124150925599815, 0.0015661089571359379, 0.0021879143727513493, 0.0009277213668435131, 0.0007502396858589556, 0.0019279538921942226, 0.0010441485189493444, 0.0010371948644045024, 0.0010823908560063768, 0.0006348265379134178, 0.0013802215615336105, 0.0010042443694095297, 0.00165853116116218, 0.0011163177277073255, 0.0008019388881365947, 0.0005444361715346931, 0.000544805671144542, 0.0007082183766275341, 0.00034153384654363276], "stepsize": [1.0, 0.005, 0.01, 0.02, 0.04, 0.08, 0.16, 0.32, 0.64, 0.32, 0.32, 0.64, 0.16, 0.32, 0.16, 0.32, 0.64, 0.64, 0.32, 0.64, 0.16, 0.32, 0.64, 1.28, 0.16, 0.32, 0.64, 0.32, 0.64, 1.28, 0.32, 0.64, 0.32, 0.64, 0.64, 0.64, 0.64, 0.32, 0.32, 0.32, 0.32, 0.64, 1.28], "MeshQuality": [0.2660408205050946, 0.2663376744129252, 0.26669219977783487, 0.2670138303976852, 0.2675259688043855, 0.26109650070993295, 0.25673099742918537, 0.2535617215229763, 0.24921647242567113, 0.2437059295041204, 0.18686742094276554, 0.11920297054740792, 0.05898262381132435, 0.055317935347600766, 0.057928656696476066, 0.05586679931852989, 0.0005593476963071664, 0.046257444034145334, 0.0513272246688391, 0.046295052404384474, 0.04567865976759611, 0.044206899919420284, 0.03957910282694599, 0.030805967969714132, 0.0291173167283304, 0.029213734249081247, 0.028296740103934903, 0.026582391594037302, 0.023766009006514155, 0.02088365560353944, 0.016707272361562886, 0.011907511679852267, 0.011301422279733853, 0.00905757919150374, 0.008515623415581874, 0.00616622597437988, 0.004184894270302997, 0.0026581069707342087, 0.0036930934378960334, 0.004126545866044551, 0.0035276294788076923, 0.0017173529555771783, 0.0006930539984115747], "initial_gradient_norm": 3.4078422079840807, "state_solves": 69, "adjoint_solves": 43, "iterations": 42}