{"cost_function_value": [0.9402629412748311, 0.8872662980139595, 0.8210363069556186, 0.7569879533062055, 0.6983906422515801, 0.650366275732873, 0.6132675941913192, 0.5754427608443112, 0.5264634907519818, 0.5178534216522359, 0.44899270082690407, 0.44045848051721864, 0.43646237720294845, 0.43543721271720615, 0.4344092062154092, 0.433787590511056, 0.4335389878538376, 0.43321766966725067, 0.43312352108034013, 0.4331138535214562, 0.4330247531148134, 0.4330137237876093, 0.432999468769743, 0.43299005299710325, 0.4329839619173231, 0.43297737811480397, 0.43296877077798246, 0.4329667305701056, 0.4329635331627452, 0.4329601995362318, 0.43295872346261915, 0.4329564846274564, 0.4329543443162221, 0.43295021450597865, 0.43294941915761154, 0.4329471702462231], "gradient_norm": [1.0, 0.8260093938669627, 0.5803688634098165, 0.39491459603033124, 0.2571354691516174, 0.1581191648447517, 0.10791159397251875, 0.08797482010393125, 0.1050990764561355, 0.17581020290753896, 0.047163277166404685, 0.05608000840029552, 0.0285763354800548, 0.02761272897792368, 0.014906811535031409, 0.014477220190483015, 0.01082377519560857, 0.008119468820709819, 0.008424098541070334, 0.01051735295194529, 0.002811268122666163, 0.0030140063188831543, 0.002062594247077108, 0.004097240133926958, 0.002175441884823751, 0.003150124103768764, 0.0010113857124784598, 0.0009608710432770415, 0.0010397567738701762, 0.0015943020841090265, 0.0008446463405364406, 0.0007351444088687729, 0.0011635017333871342, 0.0007090422342269306, 0.0007733099338973683, 0.0004783437498934275], "stepsize": [1.0, 0.005, 0.01, 0.02, 0.04, 0.08, 0.16, 0.32, 0.64, 0.32, 0.32, 0.64, 0.16, 0.32, 0.32, 0.64, 0.32, 0.64, 0.64, 0.32, 0.16, 0.32, 0.64, 1.28, 0.32, 0.64, 0.16, 0.32, 0.64, 1.28, 0.16, 0.32, 0.64, 0.64, 0.32, 0.64], "MeshQuality": [0.2660408205050946, 0.2663376744129252, 0.26669219977783487, 0.2670138303976852, 0.2675259688043855, 0.26109650070993295, 0.25673099742918537, 0.2535617215229763, 0.24921647242567113, 0.2437059295041204, 0.1610757988545234, 0.10444600540929472, 0.07659822653693993, 0.06847672661742032, 0.059571942464571426, 0.014233956557096694, 0.029069058023856065, 0.056748320648265405, 0.052228231539791725, 0.050590179696892834, 0.04953817700847385, 0.04846720972970042, 0.04385872033991289, 0.03992010363389231, 0.034746678873298076, 0.03180698352475653, 0.031641061480819244, 0.031111139199151094, 0.029121520048381755, 0.021660474905364158, 0.01941409539183503, 0.01867866681313568, 0.017514542384650222, 0.013693169504540137, 0.013603092157974506, 0.012891501698592767], "initial_gradient_norm": 3.4078422079840807, "state_solves": 58, "adjoint_solves": 36, "iterations": 35}