{"cost_function_value": [0.9402629412748311, 0.8872662980139595, 0.8210363069556186, 0.7569879533062055, 0.6983906422515801, 0.650366275732873, 0.6132675941913192, 0.5754427608443112, 0.5264634907519818, 0.5178534216522359, 0.4428479548789525, 0.4371517749240859, 0.435884401323308, 0.43485651205209275, 0.43485130180623904, 0.43402378764243055, 0.43385766652366237, 0.4334768171272105, 0.4334441755113838, 0.4331636501401077, 0.4331165828564205, 0.43310234871036934, 0.4330994419890237, 0.43306317740581063, 0.43305092555917585, 0.4330411994646348, 0.4329987872279278, 0.43299576204527196, 0.43299485505400653, 0.43298599994191445, 0.43298264102460066, 0.4329822657547241, 0.43298222947639675, 0.43297438097855495, 0.43297182335765666, 0.43296969984698597, 0.43296701742773774, 0.4329479431223384, 0.43294753708548805, 0.432947437694472, 0.4329459017376954], "gradient_norm": [1.0, 0.8260093938669627, 0.5803688634098165, 0.39491459603033124, 0.2571354691516174, 0.1581191648447517, 0.10791159397251875, 0.08797482010393125, 0.1050990764561355, 0.17581020290753896, 0.03401474732848869, 0.040469661693562364, 0.02924633379163488, 0.024515017012693718, 0.031780519609229924, 0.009319387900080535, 0.010018237971945567, 0.014141033794509372, 0.019746981254567298, 0.005288898300941963, 0.004150821078196311, 0.005029916214390675, 0.006492883303319547, 0.002221716027413206, 0.0023536490851363044, 0.0026833103795546554, 0.00199102255111228, 0.0024638398221272025, 0.0031940980224773536, 0.0011383424594416482, 0.00120791403872278, 0.0029523483911485914, 0.003423944245873974, 0.0015750775501805609, 0.0008112894907344302, 0.0008114394424844568, 0.0014376977535896732, 0.0008079755578416038, 0.0010191345369797876, 0.001329973135275825, 0.0004757232851600135], "stepsize": [1.0, 0.005, 0.01, 0.02, 0.04, 0.08, 0.16, 0.32, 0.64, 0.32, 0.32, 0.64, 0.16, 0.32, 0.32, 0.16, 0.32, 0.64, 0.16, 0.32, 0.32, 0.32, 0.32, 0.16, 0.32, 0.32, 0.64, 0.32, 0.32, 0.16, 0.32, 0.64, 0.04, 0.08, 0.16, 0.32, 0.64, 1.28, 0.32, 0.32, 0.16], "MeshQuality": [0.2660408205050946, 0.2663376744129252, 0.26669219977783487, 0.2670138303976852, 0.2675259688043855, 0.26109650070993295, 0.25673099742918537, 0.2535617215229763, 0.24921647242567113, 0.2437059295041204, 0.10405121654540361, 0.031614676428940114, 0.008748909176339525, 0.03490033713207441, 0.03569067663933723, 0.03484062878338401, 0.03475181043899489, 0.006566304823810154, 0.004553092922992885, 0.031071685206203736, 0.03005761847706656, 0.02965781593776351, 0.028952193093786827, 0.02881144393863111, 0.02824808582406657, 0.027789980290310212, 0.025386914485750922, 0.024827501045110112, 0.024402019780498718, 0.02410332498102452, 0.023626318706545635, 0.022592181956177182, 0.02215628919563073, 0.02206026646108672, 0.02183875617690534, 0.021349368058490747, 0.02041307755543209, 0.012424901543944489, 0.01195761000879969, 0.011547272082523263, 0.01137797363261106], "initial_gradient_norm": 3.4078422079840807, "state_solves": 69, "adjoint_solves": 41, "iterations": 40}