{"cost_function_value": [0.9402629412748311, 0.8872662980139595, 0.717904273563735, 0.6594562818412893, 0.6059184636828535, 0.5437819127345322, 0.47736703925279655, 0.45251661277129235, 0.4396141834936532, 0.4358266075419914, 0.43443300648121397, 0.4338092582140544, 0.43359927495579237, 0.4334472910532135, 0.43330803646458804, 0.4331062861428106, 0.4330868465503872, 0.4330316979044141, 0.433018460241313, 0.4330080860460718, 0.4330059865088994, 0.4329875580937672, 0.4329841445414785, 0.43297501842488534, 0.4329629514714627, 0.43295699806833843, 0.4329463816565016, 0.4329430357720997, 0.43294150529717307, 0.432938835823533, 0.4329331615969853, 0.43293031044062796, 0.43292805685744845, 0.4329258061729732, 0.4329240740393226, 0.43292206034621133], "gradient_norm": [1.0, 0.8260093938669627, 0.2967531561191231, 0.1722140041587833, 0.10181613298554183, 0.08425932554313062, 0.09075831120887357, 0.054764142341400285, 0.04265138224585463, 0.02919534101639249, 0.013406038785026286, 0.00863220812870917, 0.03412910121659318, 0.004928737375667332, 0.004204801808242861, 0.004368398015078528, 0.00855117354458923, 0.0031796781441734167, 0.0018744401376800542, 0.0018201194448008078, 0.004463012588691131, 0.0013127144025100266, 0.0011988835641072771, 0.0010491000866449315, 0.0012526636159772583, 0.003330376480672862, 0.0020768414821140113, 0.0009306339282715643, 0.0007622474986249785, 0.0009958578043743648, 0.0011592557483292478, 0.000943595925630047, 0.0008128789535442206, 0.001019085820879389, 0.000708324866979163, 0.0004815742995653721], "stepsize": [1.0, 0.005, 1.0, 1.0, 1.0, 1.0, 0.5, 0.25, 0.5, 0.5, 1.0, 1.0, 1.0, 1.0, 1.0, 1.0, 0.5, 1.0, 1.0, 1.0, 1.0, 1.0, 1.0, 1.0, 1.0, 1.0, 1.0, 1.0, 1.0, 1.0, 1.0, 1.0, 1.0, 0.5, 1.0, 0.5], "MeshQuality": [0.2660408205050946, 0.2663376744129252, 0.265766456964179, 0.257478462377951, 0.25210539617275707, 0.24204177626183188, 0.1783793434752995, 0.10671164376592768, 0.03144840465392473, 0.007343828256926255, 0.017033690911180677, 0.025327070522828565, 0.0011339475238920649, 0.025544871763845678, 0.014250688512695842, 0.01808334593405858, 0.01843061008255875, 0.017967400702176728, 0.01729259391307847, 0.016332172156564573, 0.013765345142270236, 0.014391560454209196, 0.014640304519793146, 0.014987026487844557, 0.012595830289800825, 0.00402683381083857, 0.005233872025966146, 0.0051090954517094556, 0.004914030054308127, 0.00442326980857588, 0.0023063461850737488, 0.0019245859611494165, 0.001605868909665631, 0.0009997806529469244, 0.0006402622588157492, 0.00011188619218371887], "initial_gradient_norm": 3.4078422079840807, "state_solves": 38, "adjoint_solves": 36, "iterations": 35}