{"cost_function_value": [-0.010670134446852674, -0.05878119337846896, -0.0709312440423828, -0.07432519348048881, -0.07588252792459388, -0.07717242774081871, -0.07891147580412489, -0.08069623405041274, -0.08289747724983973, -0.08484229337636585, -0.08681099057032717, -0.08835796469268141, -0.0897193458196543, -0.09071993460231198, -0.09152495619217398, -0.09209734581977091, -0.09253349849245682, -0.09283973765132389, -0.09306623754978988, -0.09322542698046205, -0.09334186659974904, -0.09342472089004315, -0.09348566115706522, -0.0935300915736898, -0.0935634920175645, -0.09358875580780923, -0.09360845099000144, -0.09362405431090683, -0.0936367758820425, -0.09364735375541498, -0.09365636581576761, -0.09366418054314404, -0.09367108058115389, -0.09367725331191189, -0.09367906723589814, -0.09368669550792581, -0.0936930219660297, -0.09369838889469351, -0.09370305083937895, -0.0937071730207558, -0.09371087764255753, -0.09371153962660687, -0.09371632328995622, -0.09372027574185603, -0.09372363438489265, -0.0937265520786747, -0.09372913965973662, -0.09373147054102775, -0.09373179166406423, -0.0937348558887241, -0.09373739524119287], "gradient_norm": [1.0, 0.291427482025154, 0.25318898091430414, 0.4913329450257541, 0.5080427629699066, 0.5095084742676218, 0.49478015929924024, 0.4677912063978939, 0.43013480253013114, 0.38815635140888044, 0.3428525067880007, 0.29940197475115615, 0.25751128392800277, 0.2201006587765186, 0.18620090568722425, 0.15701855193947295, 0.1315169497220102, 0.10998851736382051, 0.09158599784487596, 0.07621910868219686, 0.0632673219037519, 0.05252463622006298, 0.04355790830193875, 0.0361575693882232, 0.03002749311564118, 0.02499235566313032, 0.020851337167987892, 0.017469624217286955, 0.014711027675427594, 0.012475819623446361, 0.010670661125923438, 0.009222433952272586, 0.008065632821815044, 0.007146254075683258, 0.014064178491031636, 0.011799371784596993, 0.009967982115355514, 0.008496433443586153, 0.007319301212411854, 0.006383754844500039, 0.005643752992797083, 0.011299827663961329, 0.009468190917864158, 0.007990986083592186, 0.006804189663657824, 0.005856978066560374, 0.005105129409251601, 0.004511989963248155, 0.009091963807022155, 0.007618940342471667, 0.007618940342471667], "stepsize": [1.0, 0.25, 0.5, 1.0, 0.5, 0.5, 0.5, 0.5, 0.5, 0.5, 0.5, 0.5, 0.5, 0.5, 0.5, 0.5, 0.5, 0.5, 0.5, 0.5, 0.5, 0.5, 0.5, 0.5, 0.5, 0.5, 0.5, 0.5, 0.5, 0.5, 0.5, 0.5, 0.5, 0.5, 1.0, 0.5, 0.5, 0.5, 0.5, 0.5, 0.5, 1.0, 0.5, 0.5, 0.5, 0.5, 0.5, 0.5, 1.0, 0.5, 0.5], "MeshQuality": [0.366382720624174, 0.3542632412093405, 0.3241171154246385, 0.2703183782398002, 0.265822796622849, 0.2443448416898526, 0.24637481234552827, 0.2287511863001841, 0.2335535001869461, 0.21987911809763838, 0.22524301623386567, 0.21520471042406475, 0.22000751060400525, 0.21292546881510654, 0.21677643572540495, 0.21189353522126897, 0.21478907763739907, 0.21146023752000953, 0.2135517084429024, 0.21129220582675223, 0.2127628324096028, 0.21122940905850818, 0.2122430124428326, 0.21119917361657992, 0.21188564844934, 0.21117052277629433, 0.2116267725848503, 0.211131632409417, 0.21142751195659482, 0.2110791677162157, 0.2112640295115964, 0.21101338063297415, 0.21112168411316534, 0.21093590608647084, 0.21104719958520324, 0.21070530238091278, 0.2108865508683858, 0.21063856029220884, 0.2107423846456299, 0.21055725700967154, 0.21060876980713827, 0.210323092326133, 0.21049805917779274, 0.21025280988946704, 0.21035281450938226, 0.21017019397822712, 0.2102199836775912, 0.2100797854995443, 0.2101125274357808, 0.2098732985624292, 0.20997307683257238], "initial_gradient_norm": 0.6341917104082715, "state_solves": 101, "adjoint_solves": 50, "iterations": 50}