{"cost_function_value": [-0.010670134446852674, -0.05878119337846896, -0.06552402626002007, -0.09209003207076659, -0.09336590878742716, -0.09350929554763819, -0.09361716272208484, -0.09363883178856688, -0.09371124264886004, -0.09373736280431924, -0.0937441747111178, -0.0937490345016678, -0.09375818799782054, -0.0937646303021634, -0.09376641525037104, -0.0937711116021432, -0.0937713251149673, -0.093771751067691, -0.09377243527935553, -0.09377327180987807, -0.09377337143913235, -0.09377364135269643, -0.0937737152791461], "gradient_norm": [1.0, 0.291427482025154, 0.2461586995884421, 0.05008365076295686, 0.017222636957115674, 0.03706520053664464, 0.009214894377459962, 0.008428098900702185, 0.006385717503745362, 0.008642418688654637, 0.007288494938124302, 0.004872058616842423, 0.002848248175122306, 0.0025599071608541353, 0.00851033774092504, 0.0010568555348898956, 0.0008459141681905406, 0.0008501286377353796, 0.0009011309255756098, 0.0005247266204645431, 0.0016356080012071676, 0.0005263210733201195, 0.00034331200707480154], "stepsize": [1.0, 0.25, 1.0, 1.0, 1.0, 1.0, 1.0, 1.0, 1.0, 1.0, 0.5, 1.0, 1.0, 1.0, 0.5, 1.0, 1.0, 1.0, 1.0, 1.0, 0.25, 1.0, 1.0], "MeshQuality": [0.366382720624174, 0.3542632412093405, 0.3395972238272277, 0.22201989944378675, 0.21125958307581083, 0.20851601914719886, 0.2058213179688977, 0.2066483437538088, 0.21124291784399674, 0.21079859125011846, 0.21035749589827257, 0.21027433617194502, 0.2096129571180494, 0.20863913554222047, 0.20775388219151159, 0.2069569555798727, 0.20702758533936383, 0.20716071917052947, 0.20718786846585613, 0.20713480082339586, 0.20705814626527053, 0.20700751825223018, 0.20697664274745653], "initial_gradient_norm": 0.6341917104082715, "state_solves": 29, "adjoint_solves": 23, "iterations": 22}