{"cost_function_value": [-0.010670134446852674, -0.05878119337846896, -0.06552402626002007, -0.08649523121495456, -0.09182932654707371, -0.09243067183126609, -0.09292277203163292, -0.09310714675580795, -0.09343511197422678, -0.09346279998005451, -0.09355855539790713, -0.09360387541257019, -0.0936652598656611, -0.09370352938066795, -0.09372000622609422, -0.09373279453434159, -0.09373890260728836, -0.09376079941014906, -0.09376308112656588, -0.09376494822550382, -0.09376658314260777, -0.09376925701430143, -0.0937701629366539, -0.09377080557494766, -0.09377126914985992, -0.09377167571311164, -0.09377282992444654, -0.09377321921424447, -0.0937734556006336, -0.09377356024517995, -0.09377374955312032, -0.09377394574016272, -0.0937741003458777, -0.09377414413507455, -0.09377421102063384, -0.09377427341573981, -0.09377436994322229], "gradient_norm": [1.0, 0.291427482025154, 0.2461586995884421, 0.32532691578400647, 0.0819485371701636, 0.04755269145531553, 0.04555437325068855, 0.06610339563622294, 0.016819878431971972, 0.012782860700798761, 0.01095889967689984, 0.025083824893674656, 0.011675020475207852, 0.008059913016193201, 0.011301324976833624, 0.007450209150521985, 0.006121237819572855, 0.006521020346092422, 0.005592667717527785, 0.0030989066159168048, 0.0028105090756452614, 0.0028043919809346758, 0.003389278535899152, 0.0017424224394878365, 0.0012730487410623776, 0.0016299747712587788, 0.002582699904915175, 0.002142714854602531, 0.0009679497555502727, 0.0007659023977764155, 0.000935429922614194, 0.0013519179863787695, 0.0005831393454387429, 0.0005100990959917446, 0.0008097323553687635, 0.0005253893503513042, 0.0004038377746526007], "stepsize": [1.0, 0.25, 1.0, 1.0, 0.25, 1.0, 1.0, 1.0, 1.0, 1.0, 1.0, 1.0, 1.0, 1.0, 1.0, 1.0, 1.0, 1.0, 0.125, 1.0, 1.0, 1.0, 0.25, 1.0, 1.0, 1.0, 1.0, 1.0, 1.0, 1.0, 1.0, 1.0, 1.0, 1.0, 0.5, 1.0, 1.0], "MeshQuality": [0.366382720624174, 0.3542632412093405, 0.3395972238272277, 0.19415262792889876, 0.18828896750704383, 0.19195812849770377, 0.19897144874602046, 0.22068626579345052, 0.21435752748029058, 0.21380148747218974, 0.21002750548366522, 0.20855915541895997, 0.20873073540239673, 0.2093521681927556, 0.21036746027236763, 0.21110104033782617, 0.21115217458555513, 0.21131365913310574, 0.21078461002138793, 0.2106802103021841, 0.21033423506221494, 0.2094116258719192, 0.20881800773679748, 0.20879467680915598, 0.2087310139822912, 0.2086310995637144, 0.2077169104585599, 0.20785726725892872, 0.2078567174146766, 0.20788979230811333, 0.20800739177096728, 0.20850080118340808, 0.20846418015605472, 0.2084579323597543, 0.20843202261486915, 0.20840709446863137, 0.2083271785870343], "initial_gradient_norm": 0.6341917104082715, "state_solves": 47, "adjoint_solves": 37, "iterations": 36}