{"cost_function_value": [-0.010670134446852674, -0.05878119337846896, -0.07236575830269898, -0.085123898211922, -0.08832304113430606, -0.09038432355077781, -0.09144624562085997, -0.09204114891503715, -0.09244208657207124, -0.09274002870515434, -0.09313855126468042, -0.0932466755656147, -0.09333208965395759, -0.0933783144571995, -0.09341510776505119, -0.09344044314816405, -0.09347402015972146, -0.09348005633156851, -0.09356169188706934, -0.09358451464009168, -0.09359324500484333, -0.09360229925967362, -0.09361142421790476, -0.0936417070746544, -0.09370846013450447, -0.09373049517241405, -0.09374279753583077, -0.09374840787755531, -0.09375257837398235, -0.0937568418560723, -0.09376011134892319, -0.09376379950392182, -0.09376458355899073, -0.09376538284407289, -0.09376603434537012, -0.09376719636592883, -0.09376780849267084, -0.0937681066977647, -0.09376831408441398, -0.09376904404415615, -0.09376917243601869, -0.09376948505609742, -0.09377007428354564, -0.09377159225946725, -0.09377224794383242, -0.09377294542487499, -0.09377329405420311, -0.0937735911276072, -0.09377380308294236, -0.09377395699665775, -0.09377398976424726], "gradient_norm": [1.0, 0.291427482025154, 0.20896383609350855, 0.3480330053127756, 0.237038230624253, 0.17502069393979847, 0.11971743593176079, 0.08735644742968947, 0.05776954312185645, 0.05762786959987254, 0.06339818343298755, 0.05321601315785025, 0.0375977141197073, 0.029828598432263414, 0.021207390900713902, 0.015282092747775786, 0.012647627698912652, 0.04064516013895546, 0.025532869657112295, 0.015229731604720636, 0.013190607150967027, 0.008853347788123092, 0.009182436038534593, 0.016189416015764787, 0.0238314348898248, 0.017983410103972176, 0.011615958346707962, 0.008734025257218064, 0.005807184320471867, 0.004623882726411326, 0.007392050580051979, 0.0034706868251349414, 0.0021640324008697256, 0.0016331839144261865, 0.0047272370730448736, 0.0035236978876336243, 0.001955905146027806, 0.002386711518303331, 0.0039518879579819475, 0.0013950831066576982, 0.0013348804303301512, 0.001022620216188589, 0.004025815152043438, 0.0013848699052872269, 0.00275252778247741, 0.003854512050910877, 0.003152269882749316, 0.0024454359913217523, 0.0018400892732917927, 0.0013387872511859053, 0.0013387872511859053], "stepsize": [1.0, 0.25, 0.5, 0.5, 0.5, 0.25, 0.25, 0.25, 0.25, 0.5, 1.0, 0.5, 0.25, 0.25, 0.25, 0.25, 0.5, 0.5, 0.5, 0.25, 0.25, 0.25, 0.5, 1.0, 0.5, 0.5, 0.25, 0.25, 0.25, 0.5, 0.5, 0.5, 0.25, 0.5, 0.5, 0.5, 0.25, 0.5, 1.0, 0.25, 0.25, 0.5, 0.25, 0.5, 1.0, 1.0, 0.5, 0.25, 0.25, 0.25, 0.5], "MeshQuality": [0.366382720624174, 0.3542632412093405, 0.3220685247520202, 0.19924440164420398, 0.17911439614216296, 0.19118481806819432, 0.1876843279503444, 0.19209212349465132, 0.1921938860065523, 0.196657532267957, 0.20386799713512327, 0.20631419940471174, 0.2054367130007121, 0.2066557931144274, 0.20647628456148537, 0.20716160352005875, 0.20786896269300603, 0.21088469998686232, 0.2124570074975216, 0.2117581771624919, 0.21209411588321958, 0.21185231600084153, 0.21192423267830385, 0.2117451032442368, 0.21069627832185078, 0.20999728622047342, 0.21039931695959746, 0.21018905246690966, 0.21031399877349755, 0.21023390510395368, 0.2101180731767518, 0.2100543331256215, 0.20994415983718961, 0.2097802676055024, 0.20892067935661984, 0.20876913558809296, 0.20884562904269666, 0.20882430824681864, 0.20891364044040606, 0.2088450598340723, 0.20886015251564893, 0.20883354248776753, 0.20865743690196448, 0.20859535480955615, 0.20839194678554662, 0.2069362676628711, 0.20688485173699278, 0.20697927043964037, 0.20696561186153928, 0.20702547546680228, 0.20705772696276636], "initial_gradient_norm": 0.6341917104082715, "state_solves": 101, "adjoint_solves": 50, "iterations": 50}