{"cost_function_value": [-0.010670134446852674, -0.05878119337846896, -0.07302751253460196, -0.07900690750565494, -0.09113847590993582, -0.09146257855087166, -0.09272531282379949, -0.09346633786099318, -0.0934910678416352, -0.09354578953806096, -0.09354750584085632, -0.09361711775296293, -0.09368363969614275, -0.0937122612669862, -0.0937128649851943, -0.09372969620913027, -0.09373691814700279, -0.09374225476156842, -0.09375015840586481, -0.09375195720975636, -0.0937552899650524, -0.09375771612655999, -0.0937595209236073, -0.0937609025785201, -0.09376198813303341, -0.09376286578560918, -0.09376359368830214, -0.09376361543198229, -0.09376427639255844, -0.09376565129194028, -0.09376664389944929, -0.0937673743560674, -0.09376792703886763, -0.09376835693729126, -0.093768702247571, -0.09376898819352476, -0.09376923220277068, -0.09376925492646644, -0.09376981584148762, -0.09377044525108526, -0.0937707246179544, -0.09377087148480578, -0.09377268667947432, -0.09377301750661873, -0.09377324858109133, -0.09377341477657601, -0.09377392873974284, -0.09377422599646436], "gradient_norm": [1.0, 0.291427482025154, 0.21640342090398865, 0.317466414520508, 0.17242258681894668, 0.10637989518206584, 0.054076792927947585, 0.013409803720537631, 0.0281197355098865, 0.027656997292960454, 0.021074675219292103, 0.015374787481143015, 0.014499327617916918, 0.01953744100559134, 0.02054275942615666, 0.012190105513502261, 0.0071933095062712985, 0.004779354555023953, 0.0038701007286899122, 0.011528177567804986, 0.009470927045493443, 0.007800305997637588, 0.0064466144021081495, 0.0053497072248736306, 0.004463481935549903, 0.003748884869313037, 0.003175120167655747, 0.005320329853757455, 0.008033340710472162, 0.006618133416900184, 0.005460318883058472, 0.0045154049671332205, 0.0037450596190162534, 0.003119137865694286, 0.0026120974065644243, 0.002203468400760447, 0.0018759934381117572, 0.0025366634296675726, 0.0014955943166520607, 0.0018459100729431585, 0.0015051059868487783, 0.0034110816785093527, 0.0027927350744237065, 0.0007149077274674279, 0.001962271475386104, 0.003898754717885809, 0.0014767135899588766, 0.00040304232546524644], "stepsize": [1.0, 0.25, 0.5, 1.0, 1.0, 0.25, 0.5, 1.0, 2.0, 2.0, 0.25, 0.5, 1.0, 1.0, 0.0625, 0.125, 0.25, 0.5, 1.0, 2.0, 0.5, 0.5, 0.5, 0.5, 0.5, 0.5, 0.5, 0.5, 1.0, 0.5, 0.5, 0.5, 0.5, 0.5, 0.5, 0.5, 0.5, 0.25, 0.5, 1.0, 0.5, 1.0, 1.0, 2.0, 2.0, 1.0, 0.25, 0.5], "MeshQuality": [0.366382720624174, 0.3542632412093405, 0.3187484109070713, 0.2876070524629979, 0.1890519917595328, 0.17590262464470152, 0.18897846575906052, 0.20594550220379337, 0.20477170552041268, 0.20574287534588898, 0.20623197171943208, 0.2069055417167719, 0.20883645839281173, 0.21030149400994713, 0.2105767193629976, 0.2106410226206562, 0.21058870944066144, 0.21046537579370994, 0.20990626229245313, 0.20929725547438305, 0.2089989372312333, 0.20913531175313593, 0.20891001531323872, 0.2089777708103352, 0.208805684175006, 0.2088314872949446, 0.20869812493520123, 0.20853843793094806, 0.208273423433591, 0.2080644533222442, 0.20817039969249573, 0.20802338871246917, 0.20808845547451893, 0.20798314214154678, 0.20802077390612939, 0.20794371548828006, 0.2079630900586279, 0.20794606735900423, 0.20785686509478107, 0.2077488576833344, 0.20775254949199373, 0.207675183765621, 0.20727626777026598, 0.206349874255482, 0.2064725098296698, 0.2069117017531351, 0.20709522997309604, 0.20697983959281163], "initial_gradient_norm": 0.6341917104082715, "state_solves": 95, "adjoint_solves": 48, "iterations": 47}