{"cost_function_value": [-0.010670134446852674, -0.05878119337846896, -0.07298846453472903, -0.08942844298695662, -0.0919222631819622, -0.0929401139482769, -0.09313052209631727, -0.09337104606317709, -0.09356997394569963, -0.09358399179452477, -0.09358655591475301, -0.093630521014211, -0.09364387370538363, -0.09366127661099119, -0.09366664346875372, -0.09366985930000424, -0.09367857363229022, -0.09370544132557465, -0.09370889715115958, -0.09371117563681586, -0.09373206919294293, -0.09373817564813626, -0.09374554209876737, -0.09374626487494828, -0.09374655407719752, -0.09375280252929467, -0.09375479020012163, -0.09375500675636858, -0.09376222302185142, -0.09376389331635261, -0.09376632286644333, -0.09377107512521579, -0.09377153370779169, -0.0937725120303653, -0.09377299473307676, -0.09377367135725166, -0.0937738093378169, -0.09377416156625812, -0.093774226090798, -0.09377436606275721, -0.09377464982189229, -0.09377468028028871, -0.09377476006277465, -0.09377483803169873, -0.09377495437228064], "gradient_norm": [1.0, 0.291427482025154, 0.19989106230582487, 0.14993054863614816, 0.10219617804288407, 0.05728753609057657, 0.031261070109975184, 0.018398733876084886, 0.017307366938683247, 0.028434537666874773, 0.029745125543655042, 0.013120017555580489, 0.0169190960146362, 0.02772888929097022, 0.018376143982704294, 0.01633400384826435, 0.02492181254276266, 0.02069359126343175, 0.008087344073890735, 0.00991463712288503, 0.007775761583501603, 0.006621060199964207, 0.004297287618714805, 0.00835678326600109, 0.009596167709776409, 0.005949019526663972, 0.008189127667382782, 0.00999261624244119, 0.007793218672203181, 0.008710447796316573, 0.007175545466999429, 0.002833459363542714, 0.002661927842521309, 0.0024964293710134154, 0.0020851905030495714, 0.0010996683393977584, 0.0010722480164132757, 0.001121821755070914, 0.002523998079517186, 0.0020785354222890985, 0.0008266967817744515, 0.0007913708496417224, 0.0008568892529646813, 0.0006701546697258355, 0.0002664331795959362], "stepsize": [1.0, 0.25, 0.5, 1.0, 0.5, 1.0, 0.5, 1.0, 2.0, 1.0, 0.125, 0.25, 0.5, 1.0, 0.25, 0.25, 0.5, 0.5, 0.25, 0.5, 1.0, 0.5, 1.0, 1.0, 0.125, 0.25, 0.5, 0.125, 0.25, 0.5, 0.5, 1.0, 0.5, 1.0, 0.5, 1.0, 0.5, 1.0, 1.0, 0.5, 1.0, 0.5, 1.0, 0.5, 1.0], "MeshQuality": [0.366382720624174, 0.3542632412093405, 0.32020887056469793, 0.24421305058314546, 0.2185060873245358, 0.19707147063528507, 0.19529589558730565, 0.20048673823671737, 0.21088864079519654, 0.21597319483243027, 0.21731920168691177, 0.21946542215300324, 0.21883356306360147, 0.21482235366183122, 0.21220459362426336, 0.211195470064645, 0.2096821317395392, 0.206029312776985, 0.20475092269345874, 0.20469186804837858, 0.2054143865945529, 0.20584438127963034, 0.20631510619924154, 0.2063908734869887, 0.20646779639151402, 0.20676977204616598, 0.2071136043968993, 0.20724312997110994, 0.207536366989871, 0.20772503131745157, 0.20784264431815513, 0.20760059497814876, 0.2074942681338804, 0.20736240277848095, 0.2073611162235829, 0.20731543038770395, 0.2073272662992236, 0.20745557925351032, 0.2076769721376801, 0.20761917397120166, 0.20761839950842453, 0.20762981406855519, 0.20761133480845162, 0.20758039424969832, 0.20756467821374236], "initial_gradient_norm": 0.6341917104082715, "state_solves": 88, "adjoint_solves": 45, "iterations": 44}