{"cost_function_value": [-0.010670134446852674, -0.05878119337846896, -0.07304298463855786, -0.07307197874906052, -0.08016070108182737, -0.08076199209921954, -0.09271904310253702, -0.0930270274788949, -0.09338963072313398, -0.09341992923458148, -0.09342107733755449, -0.09347973840715917, -0.09355820805468423, -0.09357136404690454, -0.09359709614402227, -0.09361055248748518, -0.0936441557737672, -0.09364666677066734, -0.09366408021635217, -0.09366678450764744, -0.0936921791073139, -0.09373995803266219, -0.09374128891465448, -0.09375662204420232, -0.09375827729983098, -0.09376095244022373, -0.0937612416071466, -0.09376231661295081, -0.09376253799177524, -0.09376353680000592, -0.0937637438401349, -0.09376593756764001, -0.09376667140125543, -0.093768375188348, -0.09376910698445304, -0.09376940808421416, -0.09376974181085897, -0.09376994605563001, -0.09377019999067854, -0.09377105044287937, -0.09377133171409002, -0.09377145427139454, -0.0937719084014213, -0.09377209175944196, -0.09377232782042443, -0.0937725608585515, -0.09377263890629772, -0.09377265802956343, -0.09377280186381162], "gradient_norm": [1.0, 0.291427482025154, 0.21357271275167541, 0.19839048882282323, 0.15664247304616094, 0.1566884760379557, 0.0761496793572658, 0.06308052651570296, 0.047348170713944225, 0.03658194430484115, 0.03448440418722211, 0.027524648753874174, 0.022117831815087, 0.017484766734994116, 0.014689271950069084, 0.012120730312443487, 0.009494853357000977, 0.008186505123530518, 0.006913387580216781, 0.009675271331869788, 0.006587032804323588, 0.004372641139719882, 0.008298023946891945, 0.005326574597034983, 0.004236821013644696, 0.0028940508333344327, 0.0023540558524487686, 0.002193864172552375, 0.0018954189560570732, 0.0014798506120403986, 0.0019909070450362817, 0.0015449993743444506, 0.005687002246417235, 0.0025197814107520548, 0.0030192648232418807, 0.0010544738636955292, 0.0011608589254020064, 0.002483330666687306, 0.0017077553326513267, 0.0014021815153570049, 0.0021549957464136868, 0.0012335095360041413, 0.001128060647581435, 0.0017366334673257046, 0.0008419254808423522, 0.0012342883302112176, 0.0014121510672422909, 0.0011013857313033934, 0.0004701747753539744], "stepsize": [1.0, 0.25, 0.5, 0.25, 0.5, 1.0, 2.0, 0.5, 1.0, 0.5, 0.5, 0.5, 1.0, 0.5, 1.0, 0.5, 1.0, 0.5, 1.0, 1.0, 2.0, 4.0, 1.0, 2.0, 0.5, 1.0, 0.5, 1.0, 0.5, 1.0, 1.0, 2.0, 4.0, 0.5, 1.0, 0.5, 1.0, 2.0, 0.5, 1.0, 1.0, 1.0, 2.0, 1.0, 1.0, 2.0, 1.0, 0.25, 0.5], "MeshQuality": [0.366382720624174, 0.3542632412093405, 0.31891514570693535, 0.31983607209575227, 0.29581531132285765, 0.2925320231056957, 0.21436138543573902, 0.20871893089328897, 0.20148650371329957, 0.20566174766518774, 0.20843892670466901, 0.20567648761296642, 0.20313022373925038, 0.2051114553763993, 0.2083695679469152, 0.20717504467413406, 0.20607350983123984, 0.2068620015069933, 0.20816565864912306, 0.20724598656992765, 0.20435369999423747, 0.20729574986981347, 0.20735619197870492, 0.20841295487310363, 0.20816038350128852, 0.20718838026378517, 0.20730407393611994, 0.2073210008963171, 0.20721892123349794, 0.20681269350395914, 0.20687192692903933, 0.206983928815475, 0.2061370170857747, 0.20509556821091024, 0.20561880011585432, 0.2060418601539784, 0.20593048946851444, 0.2055416460006878, 0.20532767848921285, 0.20533382831640723, 0.20534160967635384, 0.2055003895280313, 0.20569904836561304, 0.205649474320178, 0.20554430864889173, 0.2052752382651546, 0.2048147614514677, 0.204724231472159, 0.20490565645411485], "initial_gradient_norm": 0.6341917104082715, "state_solves": 97, "adjoint_solves": 49, "iterations": 48}