{"cost_function_value": [-0.010670134446852674, -0.05878119337846896, -0.06552402626002007, -0.09209003207076659, -0.09336590878742716, -0.09357632177964173, -0.09369778946829808, -0.09373056206525296, -0.09374500775232988, -0.09376232357545422, -0.09376617918474157, -0.09376873771742497, -0.09377179448730678, -0.09377216638389198, -0.0937728957168743, -0.0937732519182008, -0.0937737809705379, -0.09377388628032232, -0.09377396200693058], "gradient_norm": [1.0, 0.291427482025154, 0.2461586995884421, 0.05008365076295686, 0.017222636957115674, 0.011493476084975609, 0.004944247814180084, 0.01327352250881744, 0.013404430127166135, 0.0027107325823699157, 0.002412153777965545, 0.0018851864512325883, 0.0008784349100998763, 0.001436618489053635, 0.0014968807164955464, 0.001196021826154422, 0.0006677167528204976, 0.000942492438015641, 0.0004572067761263582], "stepsize": [1.0, 0.25, 1.0, 1.0, 1.0, 1.0, 1.0, 1.0, 1.0, 1.0, 1.0, 1.0, 1.0, 0.5, 1.0, 1.0, 1.0, 1.0, 1.0], "MeshQuality": [0.366382720624174, 0.3542632412093405, 0.3395972238272277, 0.22201989944378675, 0.21125958307581083, 0.20811293454626523, 0.2116972328129595, 0.21161561859939249, 0.21181595912825024, 0.21067449240199176, 0.20953352076845289, 0.20851206754187546, 0.20761128400716578, 0.20763524115610965, 0.2078248392709262, 0.20796473263889415, 0.20810754914874885, 0.20787349569845126, 0.20785987241837145], "initial_gradient_norm": 0.6341917104082715, "state_solves": 22, "adjoint_solves": 19, "iterations": 18}