{"cost_function_value": [-0.010670134446852674, -0.05878119337846896, -0.07296744405616236, -0.08789182590509056, -0.0892201266904302, -0.09137489711514366, -0.0923081496360055, -0.09258159298829051, -0.0927949520141833, -0.09307167154597294, -0.09311545801949804, -0.09313248365653828, -0.09330490712676959, -0.0935881952202799, -0.09359696536297232, -0.09369135844929918, -0.09372330972930827, -0.09375993691142669, -0.09376405718143865, -0.09377227043575265, -0.09377307224245175, -0.09377660797674205, -0.09377682839321805, -0.09377758792005876, -0.09377805156752465, -0.09377812648759537, -0.09377823381836932], "gradient_norm": [1.0, 0.291427482025154, 0.1994271549329623, 0.22487516849190858, 0.15109412679397732, 0.09755081207230511, 0.08903340487740935, 0.0895948207386913, 0.08233115463444755, 0.06809721360427558, 0.07072006226027934, 0.06726220054683264, 0.057992741200401925, 0.040058119869698025, 0.04711516125061895, 0.011843901478983487, 0.014537602663375067, 0.005888897160630986, 0.007842325355759829, 0.00341091338215739, 0.005707011441877375, 0.0016781054725352974, 0.0016477625110248287, 0.0015722206842452035, 0.0009526771305514746, 0.0005768146130827132, 0.0003828217250604414], "stepsize": [1.0, 0.25, 0.5, 1.0, 0.5, 1.0, 1.0, 1.0, 1.0, 1.0, 1.0, 1.0, 1.0, 1.0, 1.0, 0.5, 1.0, 1.0, 1.0, 1.0, 1.0, 1.0, 0.5, 1.0, 0.5, 0.5, 1.0], "MeshQuality": [0.366382720624174, 0.3542632412093405, 0.3203302505493859, 0.1802131965252286, 0.1685648295485903, 0.18023598187978362, 0.19425843236114015, 0.21299363490279055, 0.22418077865454356, 0.23135968949813845, 0.2279495911159779, 0.22353349198103656, 0.2159002849627908, 0.21172191694480358, 0.2088612380001026, 0.20885281717860438, 0.2092792939361443, 0.21029058256182454, 0.21072042514185652, 0.2121375899934016, 0.2119807538271825, 0.21104471933937463, 0.21098569417114033, 0.2109695841651591, 0.21101362007072044, 0.2110331303450148, 0.2111134411759794], "initial_gradient_norm": 0.6341917104082715, "state_solves": 52, "adjoint_solves": 27, "iterations": 26}